:020000040800F2
:1000000038A40020590200088D53000865480008F4
:10001000F9510008D3120008F1B7000800000000F1
:10002000000000000000000000000000A101000826
:10003000C126000800000000F50100089D810008AD
:1000400073020008730200087302000873020008BC
:1000500073020008730200087302000873020008AC
:10006000730200087302000873020008730200089C
:10007000730200087302000873020008730200088C
:10008000730200087302000873020008730200087C
:10009000811500087302000873020008E52D0008AE
:1000A000730200087302000873020008E584000868
:1000B000730200087302000873020008730200084C
:1000C000730200087302000873020008730200083C
:1000D0007302000875960008A9960008CD960008DE
:1000E000730200087302000873020008730200081C
:1000F000730200087302000873020008730200080C
:1001000073020008730200087302000873020008FB
:10011000C59100087302000873020008730200080A
:1001200073020008730200087302000873020008DB
:1001300073020008730200087302000873020008CB
:10014000730200087302000873020008DD600008F3
:1001500073020008730200087302000873020008AB
:10016000730200087302000873020008730200089B
:10017000730200087302000873020008730200088B
:100180007302000873020008DFF810D000F040FC92
:1001900000480047B1FB0008AFF3008038A40020FE
:1001A0002A4B19680868B0E8F04F80F30988BFF35C
:1001B0006F8F4FF0000080F311887047000000003F
:1001C00006480068006880F3088862B661B6BFF32D
:1001D0004F8FBFF36F8F00DF00BF00BF08ED00E05F
:1001E000DFF80C00016841F470010160704700BF46
:1001F00088ED00E0EFF30980BFF36F8F134B1A68AF
:100200001EF0100F08BF20ED108A20E9F04F10609B
:1002100008B44FF0500080F31188BFF34F8FBFF345
:100220006F8F12F07DF84FF0000080F3118808BC4A
:1002300019680868B0E8F04F1EF0100F08BFB0EC66
:10024000108A80F30988BFF36F8F70471000002079
:10025000EFF30580704700000648804706480047D6
:10026000FEE7FEE7FEE7FEE7FEE7FEE7FEE7FEE766
:10027000FEE7FEE7258400088901000840EA010343
:100280009B0703D009E008C9121F08C0042AFAD24C
:1002900003E011F8013B00F8013B521EF9D2704710
:1002A000D2B201E000F8012B491EFBD270470022B8
:1002B000F6E710B513460A4604461946FFF7F0FF65
:1002C000204610BD421E12F8013F002BFBD111F851
:1002D000013B02F8013B002BF9D17047421C10F89A
:1002E000011B0029FBD1801A704710B5002200E0E5
:1002F000521C835C8C5CA34201D1002BF8D1D8B294
:10030000E1B2401A10BD2DE9FE4F804681EA03009C
:10031000C00F0C46009021F0004123F00045B8EBDF
:100320000200A94105D24046214690461C460B4694
:10033000024623F00040104347D0270DC7F30A00C0
:10034000C3F30A510290401A019040286BDAC3F3BC
:10035000130040F4801B0098924620B10023D2EB9A
:10036000030A63EB0B0B01985946C0F1400250465B
:1003700000F017FA06460D4650465946019A00F01D
:100380002FFA10EB08006141002487EA115284EA39
:10039000E7731A4340D0009A62B3019A012A4FEAE8
:1003A000075215DC001B61EB02014FF0004202EA2C
:1003B0000752CDE90042001C41F5801132462B4620
:1003C00000F066FA03B0BDE8F08F40462146F9E739
:1003D000001B61EB0201001C41F5801300185B411A
:1003E0002018A2F5001747EB030140EAD570B619B3
:1003F0006D4111E06D084FEA360645EAC0754FEAD7
:100400000752001B61EB0201001C41F580114908F5
:100410004FEA30000019514132462B4603B0BDE887
:10042000F04F00F026BA0098012240000023D0EBE4
:10043000020263EBE073009821464FEAE074B8EBE8
:10044000000061EB0401E9E783F000435BE781F022
:10045000004158E72DE9FE4F81EA030404F000440F
:1004600021F0004100944FF0000B23F0004350EACC
:1004700001045ED052EA03045BD0C3F30A54C1F313
:100480000A552C44A4F2F3340194A0FB0254C1F3A6
:10049000130141F48011C3F3130343F4801301FBF0
:1004A000024400FB034E840A970A44EA815447EA57
:1004B0008357A4FB076802958D0A05FB07854FEA61
:1004C000932C04FB0C542705029D4FEA065847EA7B
:1004D0001637B5EB08056EEB070C870E920E47EA50
:1004E000811742EA8312A7FB0201B6EB0B0164EB12
:1004F00000042B0D43EA0C335E1844EB1C50DA4623
:100500005146E7FB0201C5F313044FEA0B3343EAFC
:1005100014534FEA0432019C43EA0603A4F10C048D
:100520000294009CCDE900B400F0B2F903B0BDE83C
:10053000F08F00200146F9E72DE9F04D81EA030430
:1005400004F0004B21F0004514464FF0000A23F060
:10055000004150EA050220D054EA01021DD0C5F343
:100560000A570246C5F31303C1F31300C1F30A5639
:1005700040F4801543F48013A7EB0608101BD64601
:1005800008F2FD3873EB050002D308F1010801E021
:1005900092185B41B8F1000F03DA00200146BDE874
:1005A000F08D00204FF48011064684460EE0171BA4
:1005B00073EB050705D3121B63EB050306434CEAF7
:1005C000010C49084FEA300092185B4150EA0107DC
:1005D000EDD152EA030012D082EA040083EA050159
:1005E000084305D0101BAB4106D20122002306E0D0
:1005F00000224FF0004302E06FF0010253101AEBAB
:1006000006004CEB085110EB0A0041EB0B01BDE872
:10061000F04D00F02EB90EB5C10F80EAE07008442D
:10062000CA07002140F233438DE80E000A460B460C
:1006300000F02EF903B000BD0EB540F23341029137
:100640000021CDE900110A460B4600F021F903B064
:1006500000BDC1F30A5210B5C1F3130140F2FF33DC
:1006600041F480119A4201DA002010BD40F2334378
:100670009A42A2F2334203DC524200F0A1F810BDCC
:10068000904010BD00F0004230F000400AD0C10D93
:1006900001F56071C0F3160042EA0151C20840073B
:1006A00011437047002001467047000030B5041E1A
:1006B00071F1000404DB4FF00044404264EB01019F
:1006C000141E73F1000405DB1C464FF00043524238
:1006D00063EB0403994208BF904230BD01F0004330
:1006E00030B421F0004150EA010206D00A0DA2F513
:1006F0006072C1F31301002A02DC30BC0020704795
:10070000440F44EAC104C100E01830BC00EBC25001
:1007100000F078B830B50B460146002020220124B5
:1007200009E021FA02F59D4205D303FA02F5491BBF
:1007300004FA02F52844151EA2F10102F1DC30BDD5
:100740002DE9F05F0546002092469B468846064606
:10075000814640241BE0284641464746224600F099
:100760002FF853465A46C01A914110D311461846E5
:10077000224600F016F82D1A67EB01084F46224674
:100780000120002100F00DF817EB00094E41201E5A
:10079000A4F10104DFDC484631462A464346BDE861
:1007A000F09F202A04DB203A00FA02F10020704773
:1007B0009140C2F1200320FA03F31943904070479F
:1007C000202A04DB203A21FA02F00021704721FAA6
:1007D00002F3D040C2F1200291400843194670470D
:1007E000202A06DBCB17203A41FA02F043EAE073F5
:1007F00006E041FA02F3D040C2F1200291400843E2
:10080000194670470029A8BF7047401C490008BF1F
:1008100020F00100704710B4B0FA80FC00FA0CF030
:1008200050EA010404BF10BC704749B1CCF1200468
:1008300021FA04F411FA0CF118BF012121430843F5
:10084000A3EB0C01CB1D4FEA00614FEA102042BF21
:10085000002010BC704700EBC35010440029A4BF17
:1008600010BC7047401C490008BF20F0010010BCBC
:10087000704710B5141E73F1000408DA401C41F1F2
:10088000000192185B411A4301D120F0010010BD14
:100890002DE9F04D92469B4611B1B1FA81F202E08A
:1008A000B0FA80F220329046FFF77BFF04460F46F5
:1008B00040EA0A0041EA0B0153465A46084313D066
:1008C000114653EA010019D0C8F140025046FFF723
:1008D00077FF05460E46504659464246FFF761FFF0
:1008E000084305D0012004E020463946BDE8F08DDC
:1008F0000020054346EAE0762C4337430A98630517
:10090000E40AA0EB08000022FD0A44EA47540A303A
:1009100002D500200146E9E7010510196941DDE92A
:10092000084500196941BDE8F04DA2E770B521F016
:10093000004303430CD0C1F30A550024D5EB040552
:1009400064EB0403D617AD1AB34102DB0020014665
:1009500070BD201841EB025170BD2DE9FE4FC3F36D
:100960000A5701F000450024C1F30A56C3F31303EC
:10097000C1F3130143F4801312EB020AA64641F4BB
:100980008011009543EB030CA7F1010B16E0B0EBCF
:100990000A0061EB0C01071E71F1000707DA4FF046
:1009A0000008D0EB080085F0004568EB0101171A3C
:1009B00073EB0107EBD3761E001849415E45F6DA6A
:1009C00050EA010209D0CDE900E500221346029663
:1009D000FFF75EFF03B0BDE8F08F20460099F9E70E
:1009E000C1F30A52C1F3130140F2FF3341F4801105
:1009F0009A4202DA00200146704740F233439A429D
:100A0000A2F2334202DC5242FFF7DABEFFF7C9BE60
:100A1000064C074D06E0E06840F0010394E807004B
:100A200098471034AC42F6D3FFF7B2FB404D0108B3
:100A3000604D01082DE9F04D00231A461B1A8A412A
:100A400003DB00200146BDE8F08DC1F30A52C1F37B
:100A5000130141F480154FF0000BD10702D10018AB
:100A60006D41521E0027044640F2FF11384601EB4B
:100A7000620A3E468046024600204FF48011FFF78E
:100A80009FFEC2197141BB1846EB0100B4EB030C89
:100A900075EB000C04D3E41A65EB000517460E460F
:100AA000241908F101006D4180463428E3DDF9196D
:100AB00046EB0600091BA84103D24FF0FF32134654
:100AC00001E0002213461BEB070046EB0A51BDE88C
:100AD000F04DFFF7CEBE70B5C1F30A5201F00045EC
:100AE0000024C1F3130140F2FF3341F480119A4214
:100AF00001DA002070BD40F233439A42A2F2334241
:100B000003DC5242FFF75CFE00E090402C43F1D042
:100B1000404270BD70B58C1810F8015B15F00703EA
:100B200001D110F8013B2A1106D110F8012B03E086
:100B300010F8016B01F8016B5B1EF9D12B0705D48E
:100B40000023521E0DD401F8013BFAE710F8013BD7
:100B5000CB1A921C03E013F8015B01F8015B521EF3
:100B6000F9D5A142D8D3002070BD000070B58CB07B
:100B70000121022005F05CFE032501268DF81C50A2
:100B8000002406968DF81F4006A91D4802F040FB80
:100B90000121042005F04CFE042006908DF81C5025
:100BA0008DF81F4006A9174802F032FB01210D0203
:100BB000284605F061FE0121284605F069FE002166
:100BC000284605F065FE089428020B94CDE9090437
:100BD00008A800F025F88DF8044000948DF8054031
:100BE00002940494084C8DF814606946204600F085
:100BF00037F80121204600F009F80CB070BD000064
:100C000000040240000802400020014000298168E1
:100C100002D041F0010101E021F001018160704743
:100C2000084B10B5D3F8042307490A40D0E9001453
:100C30002143D0E90240044321431143C3F8041384
:100C400010BD000000200140E030FCFFC06C80B20D
:100C500070470246002012680A4200D00120704707
:100C600030B542680F4B0C791A400B6842EA0422F7
:100C70001343436082680C4B4D791A40D1E903431A
:100C800023438C6844EA4504234313438360C26AC8
:100C9000097D22F47002491EC9B242EA0151C162C3
:100CA00030BD0000FFFEFFFCFDF7FFC070B507265A
:100CB00009290AD9C568A1F10A0404EB4404A64035
:100CC000B543A3401D43C56007E0056901EB41043E
:100CD000A640B543A3401D4305611F23072A09D23F
:100CE000446B521E02EB820293409C4391400C43A2
:100CF000446370BD0D2A09D2046BD21F02EB82023D
:100D000093409C4391400C43046370BDC46A0D3A08
:100D100002EB820293409C4391400C43C46270BD3D
:100D2000816841F080418160704700002DED0C8B9F
:100D300088B00EF079FCDFED69CA00249FED68CA27
:100D400006908DED00CA8DED01CA8DED02CA654F8A
:100D5000654D8DED03CA2646142106A811F09EF8B4
:100D60007878D0B36148F6EE001A016809EE101ADF
:100D70004168806809EE901A0AEE100A5C48D0EDCE
:100D8000070A90ED0A0A30EE801A30EE600A21EE72
:100D9000218ADFED580AC0EE20BA9DED020A0BEE63
:100DA000AC0A8DED020A0BF0B1FD60EE080A9DED74
:100DB000000A00EEAC0A8DED000A9DED020A0CF06F
:100DC0005BFD60EE080A9DED010A00EEAC0A8DEDB8
:100DD000010A8DED038A5CB10FE0FFE785ED01CAE2
:100DE00085ED02CA85ED03CA2E708DED03CAB3E707
:100DF00041490098884200DB0124B0EE690AB0EE58
:100E00004A1AB4EEC09AF1EE10FA01D2B0EE490AD5
:100E1000B4EEC10AF1EE10FA01D3B0EE410A0EF0C1
:100E2000CDF8B0EE40DA684610F000F9B0EE40BA06
:100E3000B0EE4A1AF0EE690AB0EE490A0EF048F830
:100E4000F0EE40AA7BEE2A8A1CB1B0EE4CDAF0EE4E
:100E50004D8A9FED2A1AF0EE4C0AB0EE4D0A0EF0C4
:100E60000DF98DED040AB7EE081AFFEE080AB0EE90
:100E7000680A0EF003F98DED050A05A904A80EF025
:100E80003BFE9DED040A1E4885ED010A85ED02CA70
:100E9000DDED050A00F12401C5ED030A2E709DED7C
:100EA000001A80ED001A9DED011A80ED011A9DEDEA
:100EB000021A80ED021A80ED030AC0ED040A80EDEB
:100EC00005BAC0ED06AA80ED078AC0ED08BA012078
:100ED00081EC039A0B4908703EE700000AD7A33C57
:100EE00000000000E0870020A8870020C401002047
:100EF0004C870020B072A83E000040409A99993E6D
:100F0000F88C00203C020020002141708170C170EB
:100F1000017101707047000070B5384B86B0384AD7
:100F2000D868401CD860642801D2012806D101206D
:100F3000D86092ED130A11F03DFA9860D2ED070ADD
:100F40009FED300A60EE800AFDEEE00A10EE900A96
:100F5000002800DA4042D2ED0A0A20EE800ABDEEF7
:100F6000C00A10EE101A002900DA49421C789CB120
:100F70000025254C1D70E678012E0FD0234C95B32B
:100F8000B4F92230B4F92020B4F91E1006B020A024
:100F9000BDE870400BF0FABA0125EAE72149204884
:100FA0009FED211A62C9436BCDE90256CDE90413C6
:100FB00090ED080AFDEEC00A90ED070A20EE010A46
:100FC000BDEEC00A8DEC020A90ED0B0A536D126D56
:100FD000BDEEC00A15A010EE101A0BF0D7FA0020D3
:100FE000E07006B070BDFFE7B4F91C200092CAB2F1
:100FF000C1B29B6815A00BF0C9FAF2E7A00100206E
:101000004C8700200000C842E500002048880020EE
:101010007B4225643A25643A25647D240000000063
:10102000A8870020EC7F002000007A447B432564E1
:101030003A25643A25643A25643A25643A25643AA7
:1010400025643A25643A25647D2400007B412564AB
:101050003A25643A25643A25647D2400F0B5224B94
:101060000027197A5E7A491CCDB2711CCCB2D979AD
:101070002B2812D081B39A7903F1340C521CD2B2CE
:101080000CEB810C9A715CF804CC1CF802C084450E
:101090000CD11D72222D06D01CE0491CD9719F7104
:1010A0001D725C7216E01F725F7211E00E4D2C35DE
:1010B00005EB810555F8045CAA5C824203D0012946
:1010C0000BD10D2E09D35C722C2C03D15F721F72D1
:1010D000DF719F710120F0BD03E01F725F72DF714D
:1010E0009F710020F7E70000E00100204FF4FA6153
:1010F00081604910C16040F2DC51416070470000DE
:101100002DED028B82B00EF08FFADFF89C81DFF8B4
:101110009091644D40F6B83A40F2CE4BA8F13806B3
:1011200000279FED628A01900A2101A810F0B6FE07
:101130006868504501DA401C686002F043FC00F02A
:101140004DFD64200AF0C4FB06F090FD6868A0F233
:10115000E931C7290AD2F0EE480AB0EE601A9FEDD5
:10116000540A01F0ABFD0FF001FD11E0A0F2B14017
:101170001D280DD2B0EE480A012188F80110B0EE0A
:10118000401AF0EE400A01F099FD4FF4FA70A88180
:101190006968594544DDA87A58B9B078401CC0B296
:1011A000B070642805D986ED018A86ED028A86ED45
:1011B000038A99F806004C46012805D0307841078B
:1011C0001FD502F09BFB2BE06079012820790AD023
:1011D00030B1677104F11C0090EC030A01F06EFD60
:1011E000607928B11CE00028F3D104F12800F3E76E
:1011F0002079A8B9B0EE480AB0EE401AF0EE400AE5
:101200000CE0010702D506F00BF809E0800702D5D3
:1012100005F0C6F904E0301D90EC030A01F04EFD24
:1012200098F81400444601280CD1686840F2145123
:10123000884207DD642001F045FA01287FF474AF8D
:10124000277571E707F040FE707018B31648183024
:1012500004F06AFF14482C3004F066FF1248403056
:1012600004F062FF1048543004F05EFF00231A4679
:1012700019461846009706F095FE0E4801F04EFFFD
:1012800001280AD0DDD94FF00B014FF00A0000F021
:1012900025F849E706F074FCEFE764210120F6E742
:1012A000F87F0020187E0020E0870020000000006A
:1012B000CDCC4C3EE700002070B50D46064600241C
:1012C00004E0305D10F030FC641CE4B2AC42F8D3B2
:1012D00070BD032006F076FFFEE7000030B50C4C31
:1012E00023780A2B01D3002030BD0A4D627805F81F
:1012F000120005EB4200521C41700A20B2FBF0F1D3
:1013000000FB112060705B1C2370012030BD0000C9
:10131000B4000020308000201CB50121082005F019
:1013200087FA4FF40060009001208DF8040000243B
:101330008DF8064003218DF805108DF807006946E9
:10134000034801F065FF0348C0F8AC421CBD000033
:10135000000C02400080414200EE102AB7EE001A55
:10136000F0B5F8EE400A01EB810300265B0081EE48
:10137000200ADFED220A234F0143354620EE200AE2
:10138000BCEEC00A10EE104A1FFA84FC1C4C01D0BF
:10139000634505D23D81FD700120C4F8AC52F0BD1B
:1013A00000EE102A3989B8EE400AC1EE001A00EEAC
:1013B000101AB8EE400A01EEA00ABCEEC00A10EE08
:1013C000101A89B23981994203D20120C4F8AC02C3
:1013D00011E0B1EB430F02D2C4F8AC520BE03D81F7
:1013E000F978491CC9B2F970814204D1C4F8AC52F1
:1013F000FD700120F0BD3046F0BD000000007A44D1
:1014000000804142B40000202DE9F041264C064600
:101410002DED028B04F10A05A079B0B92078A0B1B6
:101420002179012911D1214AA17812F8113002EB5A
:1014300041022B7052786A700A22491CB1FBF2F308
:1014400002FB1311A170401E207069782878324683
:10145000FFF782FF0027207101281FD0A079002804
:1014600018D06079401CC5B265713046FFF7E4F8CA
:101470009FED0F1B53EC112BFEF7ECFF41EC180B0B
:101480002846FFF7D9F853EC182BFFF70FF901D8CE
:101490006771A771BDEC028BBDE8F0812F706F7092
:1014A0000120A071DDE70000B400002030800020A2
:1014B000000000000000E03F2DE9F04788B09946A9
:1014C000DDF840A0F0B3E9B3E2B3B9F1000F53D0B7
:1014D000A0F101084E1E571E01F062FE01214806D0
:1014E00005F0BEF900248DF806408DF807408DF810
:1014F00004708DF8084001258DF805608DF80950BD
:101500008DF802A01D4E8DF80A408DF803808DF8ED
:101510000B40ADF800906946304600F0CBF98DF8ED
:1015200016408DF817408DF81850ADF80C40ADF806
:101530001040ADF80E40ADF81240ADF814408DF8F3
:10154000195000E018E003A800F046F9012202213A
:10155000304600F0A7F914208DF81C0003208DF808
:101560001D008DF81E408DF81F5007A803F01EFFC8
:10157000002008B0BDE8F0870120FAE700640040D1
:10158000F0B587B002AA0021424800F007FADDF862
:1015900013000090DDF8170001909DF810003E4DFB
:1015A00001246946A8B1042811D1039801280ED05E
:1015B0003A4AD0420BD1002210460B5C401C1A4420
:1015C000C0B2D2B20828F8D3082A00D12C7207B0D2
:1015D000F0BD02980026A0F58070813825D0012842
:1015E00051D09B28F3D19DF800002D4F04FA00F252
:1015F000C0EBC0003B88491C1A433A809DF812207A
:10160000284B521E1844FEF739FE9DF800000328AF
:10161000DDD13878C0430007D9D13E801822214956
:101620002148FEF72BFE6C72D1E720490878C206EC
:1016300001D4102008708E70BDF8000040BA00B2CE
:1016400000EE100AF8EEC00A9FED190A80EE801A2B
:1016500081ED011ABDF8020040BA00B200EE900A16
:10166000F8EEE00A80EE801A81ED021ABDF804005F
:1016700040BA00B200EE900AF8EEE00A80EE801A5E
:1016800081ED031AA3E70B4880F83460084603F0A5
:1016900073F89CE700640040187E002088A9CBED19
:1016A00020020020CC8A0020C4010020A88700204E
:1016B00000007A44F87F00207CB5194C00206D466C
:1016C0002118097E2954401CC0B20828F8D32946A5
:1016D00040F2011000F054F80020211891F8201079
:1016E0002954401CC0B20828F7D369464FF48170D2
:1016F00000F046F80020211891F828102954401CC9
:10170000C0B20828F7D3694640F2031000F038F859
:101710000448007A012801D100F088F97CBD00005E
:10172000088A0020187E002070B586B0134E019004
:1017300004208DF8080000208DF8090008208DF89D
:101740000A000868CDF80B004868CDF80F0069461C
:10175000304600F0ADF94FF6FF7501E0641CA4B20D
:101760003946304600F004FA08B9AC42F6D3AC4230
:1017700002D3012006B070BD0020FBE700640040EA
:1017800070B586B0134E009000208DF808008DF8DB
:10179000090008208DF80A000868CDF80B00486899
:1017A000CDF80F006946304600F082F94FF6FF751C
:1017B00001E0641CA4B23946304600F0D9F908B9FA
:1017C000AC42F6D3AC4202D3012006B070BD00207B
:1017D000FBE7000000640040F0B5827A2F4D012144
:1017E00091402A6842F001022A602C4E1C36326871
:1017F0008A433260294A047B294B0C32A4B914680D
:101800008C4314604488C78844EA0744877A03EB12
:10181000C707C7F840460488878844EA0744877AA0
:1018200003EBC707C7F84446047B012C12D11468A8
:101830000C431460847A026803EBC4044FEA32421A
:10184000C4F84026847A426803EBC4034FEA32426C
:10185000C3F84426114AC37A121D002B136806D020
:101860000B4313600D4A0389143213B104E08B4318
:10187000F7E713688B4313600389012B02D11368C8
:101880000B431360407B012802D13068084330606D
:10189000286820F001002860F0BD000000660040CC
:1018A00000600040002A426901D00A4300E08A43F8
:1018B0004261704710B50368002223F00203036001
:1018C000036843F0010303604FF6FF7300E0521C0E
:1018D0004468E40701D19A42F9D14268D2073ED068
:1018E0008A79012A02683CD022F080020260CA791B
:1018F000012A026838D022F0400202600A7A012AE6
:10190000026834D022F0200202604A7A012A02687A
:1019100030D022F0100202608A7A012A02682CD0AC
:1019200022F008020260CA7A012A026828D022F056
:10193000040202608A78CC78920742EA04620C7949
:1019400042EA04424C79098842EA0452491E0A4399
:10195000C261016821F001010160002114E0002052
:1019600010BD42F08002C1E742F04002C5E742F0FC
:101970002002C9E742F01002CDE742F00802D1E7A9
:1019800042F00402D5E7491C4268D20701D09942CF
:10199000F9D14068C007E2D1012010BD10B500EBBD
:1019A0000113D3F8B04114F004041472D3F8B04119
:1019B00033D0E4085460D3F8B04104F00204547208
:1019C000D3F8B44104F00F049472D3F8B441240A5C
:1019D000D474D3F8B841D472D3F8B841240A14733C
:1019E000D3F8B841240C5473D3F8B841240E94733F
:1019F000D3F8BC41D473D3F8BC41240A1474D3F88F
:101A0000BC41240C5474D3F8BC311B0E937439B10F
:101A1000016941F02001016110BD640D1460CAE745
:101A2000C16841F02001C16010BD00001CB500205C
:101A30008DF800001C48DFED1D0A90ED040A20EE31
:101A4000200ABDEEC00A10EE101A09128DF801101E
:101A500010EE101A8DF8021090ED050A20EE200A03
:101A6000BDEEC00A10EE101A09128DF8031010EE28
:101A7000101A8DF8041090ED060A20EE200ABDEE33
:101A8000C00A10EE101A09128DF8051010EE101A87
:101A90008DF80610007A8DF80700694640F20510AF
:101AA000FFF76EFE1CBD0000F87F002000007A44A6
:101AB00030B50246002093685B0108D490680001AD
:101AC00001D5012003E09068C00044D5022002EB5C
:101AD0000012D2F8803103F00103C2F880310B7A92
:101AE000C3B3D2F880414D681C434B7A43EAC50327
:101AF0001C43C2F880418B7A03F00F038B72D2F83B
:101B0000843123F00F03C2F88431D2F884318C7A07
:101B10002343C2F88431CB7A8C7B0D7B43EA046388
:101B20004C7B240444EA05242343C2F88831CB7B50
:101B30008C7C43EA04634C7C097C240444EA012144
:101B40000B43C2F88C31D2F8801141F00101C2F888
:101B5000801130BD01E00420FBE7D2F880314C7ADF
:101B600023430C8843EA4453C2F88031C3E70000A2
:101B7000002221B1012905D0022906D112E0826894
:101B8000114801E08268114802401149501A8A4206
:101B900014D00ADCA2B16FF0806010180FD00228B8
:101BA0000CD10FE082680B48EEE7B0F5007F09D05A
:101BB0000949401803D0B0F5003F03D0002070471A
:101BC0000220704701207047030000040003000852
:101BD00000010008000003100001FFF770B5164C6B
:101BE000164DA079012805D1287A18B90020A071D6
:101BF00001F032FA287A01280CD194F83400401C04
:101C0000C0B284F83400642804D90DF005FA6520C8
:101C100084F834000A48018A491C89B201820A29E1
:101C200009D90B21018240F2DC514FF47A72016034
:101C3000C0E90112C16070BDF87F0020187E00204D
:101C4000BC840020034610B50020024603E09C5CE3
:101C50006040521C92B28A42F9D310BD0349898870
:101C6000C140C80700D00120704700001C010020BF
:101C7000174A032809D01346DFED160A93ED0B0A25
:101C8000082809D00A280ED015E0012913D11249DD
:101C90000120096808740EE0022901D001290AD147
:101CA00030EE600A05E0022901D0012903D130EEAF
:101CB000200A82ED0B0A92ED0B0AB5EEC00AF1EE96
:101CC00010FA03D29FED050A82ED0B0A704700005F
:101CD000A887002000004842040100200000000006
:101CE0002DE9FC41134DDDE90974089E6C64C5F8CB
:101CF0008810CDE9006710F02FFF0646012808D0B4
:101D0000286C20432864042006F0FEFA012C08D039
:101D10000AE0E86B2043E86300206864C5F88800A7
:101D200005E0082006F0F0FA042006F08FFA3046AD
:101D3000BDE8FC81287E002070B5040006D0FF2C91
:101D400004D01C4B00211A4D1A7813E0042070BDFA
:101D500001EB810606EBC10605EB86067678864226
:101D600006D101EB810000EBC10005EB800004E02F
:101D7000491CC9B29142EBD30020012608B106707C
:101D800013E0042A01D3062070BD02EB820000EBB1
:101D9000C20005EB8005521C1A7034212846FEF75C
:101DA00086FA2E706C700720E870002070BD00006D
:101DB0003C850020F4000020F0B505AC94E8E0007C
:101DC000AA24047044708470C170027143718571DB
:101DD000C6710772BB2141728172C1720173F0BD7D
:101DE0000178AA2911D14178AA290ED18178AA298E
:101DF0000BD1417ABB2908D1817ABB2905D1C17A9F
:101E0000BB2902D1007BBB2801D0002070470120F4
:101E10007047000010B572B6002107488170C1708C
:101E20000D210648FEF743FA04480D210D30FEF758
:101E30003EFA62B610BD0000F40000200C860020BF
:101E400030B5104A00210E4B147814E001EB8102EA
:101E500002EBC10213F822505DB103EB820252780B
:101E6000824206D101EB810000EBC10003EB800050
:101E700030BD491CC9B2A142E8D3002030BD0000EA
:101E80003C850020F400002010B50446FFF7D8FF81
:101E9000002804D12046FFF74FFF08B1002010BDF5
:101EA0002046BDE81040FFF7CBBF000010B5D021A1
:101EB0000748FEF7FCF90748002101704170816076
:101EC0000120FFF739FFBDE81040FFF7A3BF000076
:101ED0003C850020F4000020C178AA290ED10179A8
:101EE000FF290BD14179FF2908D18179FF2905D13B
:101EF000C179FF2902D1007AFF2801D00020704764
:101F00000120704730B53A49034687B00878002869
:101F10006BD04C780022844200D34A704878354D0B
:101F200000EB800404EBC00405EB8404401C487003
:101F30002078002859D08C60092B56D2DFE803F0B6
:101F400005090525050905290500204600F00EF9BB
:101F500048E0657803A80092CDE9012000231A46E5
:101F6000A321284600F054F950BB9DF80F00A84269
:101F700023D19DF81000A3281FD19DF812102176BF
:101F80009DF81410204661762AE0204600F0B4F84F
:101F900028E0657803A80092CDE9012000231A46C5
:101FA000A221284600F034F950B99DF80F00A8424C
:101FB00003D19DF81000A22803D0204600F060F95C
:101FC00010E09DF811109DF8120040EA0120E08316
:101FD0009DF813109DF8140040EA0120208420464B
:101FE00000F059F9002800D0E07007B030BD0000C3
:101FF000F40000203C85002030B50446407887B0CE
:10200000FF2800D10120FFF73FFF3A4D0028A860CC
:102010006ED02178002006296AD2DFE801F0031291
:102020001B420C49E288A188607800F071FA0DE04B
:10203000217A00290CD0607807B0BDE8304000F06C
:1020400069B9E288A188607800F0B6FA0028EFD07C
:1020500007B030BD647803A90090CDE901010023E9
:102060001A46B221204600F0D3F80028F0D19DF89E
:102070000F00A0422CD19DF81000B22828D19DF865
:102080001100FF2824D19DF81200FF2820D19DF8CF
:102090001300FF281CD19DF81400FF2818D1A86850
:1020A00023E0A178607807B0BDE8304000F0F8B9CF
:1020B00003A90090CDE9010100231A46A421FF20C5
:1020C00000F0A6F80028C3D19DF81000A42803D082
:1020D000A86800F0D5F8BBE79DF80F00FFF72CFECD
:1020E0009DF80F00FFF7ACFEA86000F0D4F8AFE752
:1020F0000420ADE7F400002030B504464578002008
:1021000087B003A90090CDE9010103460246A12151
:10211000284600F07DF800280AD19DF80F00A8425B
:1021200003D19DF81000A12804D0204600F0A8F8A3
:1021300007B030BD9DF811109DF812004FF6FF72E8
:1021400040EA012000EB800002EA400060839DF835
:1021500013109DF8140040EA012000EB800002EA11
:102160004000A083204600F096F8E1E730B5044631
:102170004578002087B003A90090CDE9010103460E
:102180000246A021284600F043F8002806D19DF819
:102190000F00A84204D0204600F072F807B030BD0E
:1021A0009DF81000A071C0F3C001E171C0F380017F
:1021B0002172C0F34001617200F00100A0729DF82D
:1021C00011109DF81200DFED110A40EA012000B263
:1021D00000EE100AA0829DF81320B8EEC00A9DF808
:1021E0001410204641EA022180EE201A09B200EEC6
:1021F000101AE182B8EEC00A84ED031A80EE201AAC
:1022000084ED041A00F047F8C8E700000000C84257
:102210002DE9F04788B0074610A81C4690E8000753
:1022200015460E46FFF7F6FD8DE810032B463246A5
:10223000394603A8FFF7C0FD03A800F09FF850211E
:10224000504600F0F5F80D4D04004FF00001A8686D
:1022500009D020B18170C470214600F0D3F8204627
:1022600008B0BDE8F08730B101228270C17010F073
:10227000ADFCA96848620020F2E70000F4000020ED
:1022800010B518B1002181700221C170022100F047
:10229000B9F8022010BD10B518B1012181700021DC
:1022A000C170002100F0AEF8002010BD30B5174B12
:1022B0009A7800241649032A07D2AA2824D19A78AA
:1022C0001144521C9A70087030BD9A788D18521CB7
:1022D0009A70287098780D28F6D3487ABB2813D1C5
:1022E000887ABB2810D1C87ABB280DD1087BBB28BF
:1022F0000AD1074A00200D320D5C1554401CC0B2B3
:102300000D28F9D30120D8709C7030BDF400002056
:102310000C86002010B50446002088B003A9009068
:10232000CDE9010103460246B4212046FFF770FFC4
:1023300000281BD19DF80F100F48A14213D19DF822
:102340001010B4290FD19DF81110FF290BD19DF861
:102350001210FF2907D19DF81310FF2903D19DF812
:102360001410FF2904D08068FFF78AFF08B010BD61
:102370008068FFF790FFF9E7F400002070B505468C
:102380000024285D0FF0C4FB641CE4B20D2CF8D3CC
:1023900070BD00001FB500240DF046F9184E0390E3
:1023A000706828B900220A21082010F0F7F8706040
:1023B000642103A80FF072FD70680028F8D0002394
:1023C0001A46694610F01CF9012808D02046FFF78C
:1023D00099FD641CE4B20A2CEAD30024E8E79DF8D6
:1023E0000100FF2800D10120FFF74EFD0500DFD0DE
:1023F0009DF8000028716846FFF7FEFD6871D7E779
:10240000F4000020002809D049B101290BD002298D
:1024100001D0052902D1016B491C01637047816A13
:10242000491C81627047C16A491CC1627047000043
:102430002DE9F0410C46054610F0C8FB06464FF466
:102440007A704443B4FBF0F7134C1EE0E078C8B157
:1024500072B600211148425C6A54491CC9B20D2968
:10246000F9D30020E07062B62846FFF7B9FC38B116
:102470002846FFF731FD002800D00520BDE8F08197
:102480000220FBE701200FF0DDFC10F09FFB801B1A
:10249000B842DBD90120F1E7F400002019860020C2
:1024A00070B588B00C460646FF2926D02CB3FF2015
:1024B00003A90090CDE9010103462246B32130462D
:1024C000FFF7A6FE00280FD19DF80F000F4DB04278
:1024D00007D19DF81000B32803D19DF81100A04248
:1024E00004D0A868FFF7CCFE08B070BD2046FFF707
:1024F000A7FC20B1A968884201D00420F4E7A868AD
:1025000000B14470FFF7C7FEEEE70000F4000020C2
:1025100070B50646A1F57A7043F6992388B09842C3
:1025200005D2B2F57A7F02D3B2F57A5F02D90420E0
:1025300008B070BD0A20B1FBF0F5B2FBF0F403AABD
:10254000E1B2200A8DE80700EBB22A0AB02130463A
:10255000FFF75EFE0028EBD19DF80F00154AB04250
:1025600013D19DF81000B0280FD19DF811009DF8EF
:10257000121041EA0020A84207D19DF813109DF8DF
:10258000140040EA0120A04203D09068FFF778FED3
:10259000CEE7906858B105EB85024FF6FF7101EA6E
:1025A0004202428304EB840201EA42018183FFF785
:1025B00072FEBDE7F400002070B506460D46A1F19D
:1025C0000A0042F2077188B01446884205D20A2CEC
:1025D00003D342F21070844202D9042008B070BDC7
:1025E00003AAE1B2200A8DE80700EBB22A0AB12162
:1025F0003046FFF70DFE0028F0D19DF80F00114A7C
:10260000B04213D19DF81000B1280FD19DF81110E0
:102610009DF8120040EA0120A84207D19DF813104E
:102620009DF8140040EA0120A04203D09068FFF713
:1026300027FED3E7906808B1C5830484FFF72BFE1B
:10264000CCE70000F400002070B5044600200246EC
:1026500004EB8001401CC1F888291028F8D3002021
:102660004FF400652118401C81F81C21A842F9D3C1
:10267000227062700120A070C4F8C8292076402121
:10268000A171627684F81C2984F81D0984F81F2939
:10269000010284F81E2904F11C00FDF708FE2946FA
:1026A00004F58E70FDF703FE122104F62610FDF7E7
:1026B000FEFD3E2104F63810FDF7F9FD002070BD47
:1026C000704700002DE9F84FDFF89082074600269A
:1026D000D8F82000DFF888B2401CC8F82000012894
:1026E0000CD1DBF8000008B10FF0B4FD9D499E4805
:1026F0000CF0BAFB14210120FEF7F0FDD8F8200001
:102700009FED9A0ADFF86892DFF868A29A4C0025DC
:10271000F6EE000AB0EB470F0CD2C4ED060A84EDCA
:10272000090A84ED0C0A84ED0F0A05F029FA09F173
:1027300004006FE05FD18C4D90A128460CF094FB13
:1027400094ED070A984910EE100A01449748814217
:1027500001D297A14AE0012088F8060010EE100A85
:102760009749884205D997A128460CF07DFB9D49E1
:102770003CE0D4ED0A0A5046F0EEE00A10EE901A62
:10278000814205DD98A128460CF06EFBA6492DE09C
:10279000D4ED0D0AF0EEE00A10EE901A814205DD4C
:1027A000A2A128460CF060FBB0491FE0D4ED100A4E
:1027B000F0EEE00A10EE901A514505DDACA1284676
:1027C0000CF052FBBA4911E0B0EEC00A10EE100A4C
:1027D000B84988420DDAB848816841F288308142B0
:1027E00007DDB6A128460CF03FFBC24928460CF095
:1027F0003BFBC1A176E0B0EB870F12D284ED060A55
:10280000C4ED090A84ED0C0A84ED0F0A05F0B8F94D
:10281000574808300560C9F800505548001F05604A
:1028200098E073D1504DC0A128460CF01DFB94EDEB
:102830000A0A5D4910EE100A01445C48814201D247
:10284000C4A14BE0012088F8060010EE100A5C4994
:10285000884205D9C3A128460CF006FBC9493DE0D2
:10286000D4ED070A5046F0EEE00A10EE901A8142CD
:1028700005DDC5A128460CF0F7FA6B492EE0D4ED32
:102880000D0AF0EEE00A10EE901A814205DDCEA1AD
:1028900028460CF0E9FADC4920E0D4ED100AF0EE0D
:1028A000E00A10EE901A514505DDD8A128460CF03B
:1028B000DBFAE64912E0B0EEC00A10EE100A7D49DC
:1028C00088420EDA7C481430816841F288308142B7
:1028D00007DDDFA128460CF0C7FAEB4928460CF0CB
:1028E000C3FAEAA128460CF0BFFA734803F01CFCB7
:1028F0007148143003F018FC6F48283003F014FCC2
:102900006D483C3003F010FC24E0FFE784ED060A3C
:1029100084ED090A002384ED0C0A84ED0F0A0126D8
:102920001A4619461846009505F03CFB7CA10E4856
:102930000CF09AFA14210120FEF7D0FC98F806005A
:1029400020B9DBF8000008B10FF0E2FBC8F8205016
:1029500088F806503046BDE8F88F0000700100206E
:10296000DC01002098480108001001400000000030
:1029700038040140CDCC4C3E4C8700203D3D3D3DD0
:102980003D3D3D3D3D3D3D3D3D3D3D3D3D20B5E772
:10299000BBFA41203D3D3D3D3D3D3D3D3D3D3D3D45
:1029A0003D3D3D3D0D0A0000323333C1CCCC4C00DF
:1029B000B5E7BBFA41D5FDB3A32E0D0A0000000018
:1029C000CDCC4CBEBCECB2E2B5BD41B5E7BBFAB173
:1029D000E0C2EBC6F7BCABD0D4B4EDCEF32E0D0AFB
:1029E00000000000184C0108C7FDB6AFB5E7BBFA00
:1029F00041CAB12CBCECB2E2B5BDB1E0C2EBC6F746
:102A0000BDD3BFDA42B5C4D0C5BAC52E0D0AD7D4DE
:102A1000BCECCAB1B5E7BBFA41CAC7B7F1D7AAB691
:102A2000AF3F0D0A00000000E8480108C7FDB6AF3F
:102A3000B5E7BBFA41CAB12CBCECB2E2B5BDB1E01E
:102A4000C2EBC6F7BDD3BFDA43B5C4D0C5BAC52EF5
:102A50000D0AD7D4BCECCAB1B5E7BBFA41CAC7B7B7
:102A6000F1D7AAB6AF3F0D0A0000000038490108AF
:102A7000C7FDB6AFB5E7BBFA41CAB12CBCECB2E2B8
:102A8000B5BDB1E0C2EBC6F7BDD3BFDA44B5C4D023
:102A9000C5BAC52E0D0AD7D4BCECCAB1B5E7BBFA8E
:102AA00041CAC7B7F1D7AAB6AF3F0D0A0000000070
:102AB000284A0108CDCC4C3DF8870020C7FDB6AFB1
:102AC000B5E7BBFA41CAB12CCEB4BCECB2E2B5BD9D
:102AD000B1E0C2EBC6F7D0C5BAC52E0D0AD7D4BC3B
:102AE000ECCAB1B5E7BBFA41CAC7B7F1D7AAB6AFCE
:102AF0003F0D0A00184B01083D3D3D3D3D3D3D3D2C
:102B00003D3D3D3D3D3D3D3D3D20B5E7BBFA4120CE
:102B10003D3D3D3D3D3D3D3D3D3D3D3D3D3D3D3DE5
:102B20000D0A0D0A000000003D3D3D3D3D3D3D3D8F
:102B30003D3D3D3D3D3D3D3D3D20B5E7BBFA42209D
:102B40003D3D3D3D3D3D3D3D3D3D3D3D3D3D3D3DB5
:102B50000D0A0000B5E7BBFA42D5FDB3A32E0D0A5E
:102B600000000000BCECB2E2B5BD42B5E7BBFAB173
:102B7000E0C2EBC6F7BCABD0D4B4EDCEF32E0D0A59
:102B8000000000007C4C0108C7FDB6AFB5E7BBFAFA
:102B900042CAB12CBCECB2E2B5BDB1E0C2EBC6F7A3
:102BA000BDD3BFDA41B5C4D0C5BAC52E0D0AD7D43E
:102BB000BCECCAB1B5E7BBFA42CAC7B7F1D7AAB6EF
:102BC000AF3F0D0A00000000C7FDB6AFB5E7BBFA86
:102BD00042CAB12CBCECB2E2B5BDB1E0C2EBC6F763
:102BE000BDD3BFDA43B5C4D0C5BAC52E0D0AD7D4FC
:102BF000BCECCAB1B5E7BBFA42CAC7B7F1D7AAB6AF
:102C0000AF3F0D0A00000000B0490108C7FDB6AF94
:102C1000B5E7BBFA42CAB12CBCECB2E2B5BDB1E03B
:102C2000C2EBC6F7BDD3BFDA44B5C4D0C5BAC52E12
:102C30000D0AD7D4BCECCAB1B5E7BBFA42CAC7B7D4
:102C4000F1D7AAB6AF3F0D0A00000000A04A010864
:102C5000C7FDB6AFB5E7BBFA42CAB12CCEB4BCECE7
:102C6000B2E2B5BDB1E0C2EBC6F7D0C5BAC52E0D14
:102C70000AD7D4BCECCAB1B5E7BBFA42CAC7B7F1B0
:102C8000D7AAB6AF3F0D0A00984B01083D3D3D3D28
:102C90003D3D3D3D3D3D3D3D3D3D3D3D3D20B5E75F
:102CA000BBFA42203D3D3D3D3D3D3D3D3D3D3D3D31
:102CB0003D3D3D3D0D0A0D0A0000000070B5464C3B
:102CC000B0EE412A2DED028BF0EE602A94ED0C1A45
:102CD000F1EE410A0EF0FEFE94ED0C1AF0EE401AF1
:102CE000B0EE620AF1EE410A0EF0F4FE94ED0C1A19
:102CF000F0EE408AB0EE420AF1EE410A0EF0EAFE32
:102D00003648B0EE408A8079E8B3C4ED041AC4EDC9
:102D1000058A84ED068A324DD4ED060A94ED040A44
:102D200095ED001A0121F0EE401A61EE200AB6EE90
:102D3000001A40EEC11A00EE810AC5ED061A85EDB3
:102D4000090A606B0FF062FBB0EE408A0021606BF5
:102D50000FF05CFB94ED0C1AF0EE401A95ED060AAC
:102D6000F1EE410A0EF0B6FE85ED060A94ED0C1A5E
:102D700095ED090AF1EE410A0EF0ACFED5ED060A1A
:102D800060EE880A00E008E020EE210AC5ED060AA0
:102D900085ED090ABDEC028B70BD94ED071A94ED28
:102DA000040AF0EE610A08F099FF84ED040A94ED3C
:102DB000071A94ED050AF0EE680A08F08FFF84ED1B
:102DC000050A94ED071A94ED060AF0EE480A08F099
:102DD00085FF84ED060A9EE7A8870020F87F002083
:102DE0004C87002000F062BB1CB50121102003F0CD
:102DF0001FFD1020009000208DF8040003208DF8A6
:102E0000050001208DF807006946024800F000FA2D
:102E10001CBD00000010024008B50121084603F067
:102E20001FFD0121084603F01BFD0121022003F0D4
:102E300017FD4FF08040C11300900823024A034859
:102E400000F054F808BD00000004024000000240F9
:102E500008B50121022003F003FD0121084603F01B
:102E6000FFFC0121084603F0FBFC044800900448E5
:102E700080230246402100F039F808BD00040040DC
:102E80000000024008B50121042003F0E9FC012103
:102E9000022003F0E5FC0121022003F0E1FC0448DC
:102EA0000090044880230246402100F01FF808BD2E
:102EB000000800400004024008B50121082003F08A
:102EC000CFFC0121084603F0CBFC0121084603F0AA
:102ED000C7FC04480090044802230246012100F088
:102EE00005F808BD000C0040000002402DE9FF4F2E
:102EF00089B04FF003098DF805904FF0020A8DF864
:102F000004A04FF001080F4600918DF806801E4680
:102F10009346169C8DF807806946099800F078F969
:102F20008DF805908DF804A08DF8068000968DF838
:102F300007806946584600F06BF93A4884420DD044
:102F4000B4F1804F0AD03848844205D037488442D3
:102F500002D03748844203D1022519E0012517E049
:102F60003448844208D03448844205D033488442EF
:102F700002D03348844201D1032509E0314884421C
:102F800005D03148844202D03048844200D109251E
:102F9000002127FA01F0C00703D1491CC9B210294A
:102FA000F7D32A46099800F0EDF9002126FA01F03E
:102FB000C00703D1491CC9B21029F7D32A46584685
:102FC00000F0E0F902A805F039FE00254FF6FF7089
:102FD000ADF808500390ADF81050ADF80A5002A9B2
:102FE000204605F0EDFD00231A460321204605F09A
:102FF000F6FB05A805F076FCADF81C5005A92046A7
:1030000005F01AFC0121204605F0CEFB00212046E8
:1030100005F0ACFD0121204605F0CCFB0DB0BDE86C
:10302000F08F000000000140000400400008004054
:10303000000C0040000401400040014000440140F9
:103040000048014000180040001C004000200040E3
:103050004FF4007005F0FAB81CB505A0D0E90010D7
:10306000CDE9001069460448FEF75EFB1CBD000078
:1030700001010101010101017856341210B500204F
:1030800004F0C8F8214C411C00D0E060012004F09D
:10309000C1F8411C00D06060022004F0BBF8411C64
:1030A00000D0A060032004F0B5F8194C411C00D0FA
:1030B0006063042004F0AEF8411C00D0E06294ED9F
:1030C0000B0AB5EEC00AF1EE10FA04D310EE100AA6
:1030D0001049884203DD9FED100A84ED0B0A05209C
:1030E00004F098F8411C4FF0FF3402D0214604F060
:1030F0009DFF062004F08EF80146401C04D02046B7
:10310000BDE8104004F092BF10BD0000E87F002031
:10311000A887002000401C460000FA4310B5017843
:10312000002488B0012920D1002101700EF06CFD2F
:103130001C216846FDF7BBF80D48C1680091416845
:103140000191806802900B48416B0391C06A049022
:103150000948016D0591406D06900721684609F008
:103160005BF8401CC4B20EF081FD08B0204610BDD3
:10317000E87F0020A88700204C8700201CB5002293
:10318000009102218DF804108DF8062003228DF89D
:1031900005208DF80710694600F03AF81CBD0000C4
:1031A0002DE9FC410121082003F042FB0121082008
:1031B00003F03EFB02248DF8044000268DF80660E3
:1031C0000327DFF848808DF80570012500948DF8FD
:1031D00007506946404600F01BF88DF804408DF812
:1031E00006608DF8057000958DF8075069464046D9
:1031F00000F00EF809220121404600F0C3F8092230
:103200000021404600F0BEF8BDE8FC81000C024001
:10321000F0B5002201274FF0030C0B6807FA02F506
:103220002B40AB422CD1066853000CFA03F4A643A2
:1032300006600E79D0F800E09E4046EA0E06066071
:103240000E79012E01D0022E12D18668A643866027
:103250004E79D0F808E09E4046EA0E068660466841
:10326000AE43466045688E799640B6B235434560B8
:10327000C568A543C560CC799C40C3681C43C46045
:10328000521C102AC9D3F0BD1CB5002200910121A7
:103290008DF804108DF806208DF805208DF80710A4
:1032A0006946FFF7B5FF1CBDFEB500250C46064676
:1032B0008DF808500AE09DF8080024FA00F0C007D5
:1032C00008D19DF80800401C8DF808009DF8080002
:1032D0001028F0D3204900208A420DD0B2F1804F4F
:1032E0000AD01E498A4205D01D498A4202D01D4992
:1032F0008A4203D1022019E0012017E01A498A42CC
:1033000008D01A498A4205D019498A4202D019497F
:103310008A4201D1032009E017498A4205D01749A2
:103320008A4202D016498A4200D109209DF808102D
:103330000246304600F026F802208DF804008DF891
:10334000065001218DF807108DF80500009469469C
:103350003046FFF75DFFFEBD000001400004004065
:1033600000080040000C0040000401400040014003
:10337000004401400048014000180040001C00408B
:10338000002000404B07DB0E9A40C90810B500EB47
:103390008100016A0F249C40A1430162016A11432C
:1033A000016210BD0246002012690A4200D00120CD
:1033B0007047018370474FF6FF7101600021017172
:1033C00041718171C17170470AB1018370474183B6
:1033D0007047000030B40B46002123FA01F4E407E3
:1033E00003D1491CC9B21029F7D3174CA2420DD002
:1033F000B2F1804F0AD0154CA24205D0144CA24223
:1034000002D0144CA24203D1022319E0012317E099
:10341000114CA24208D0114CA24205D0104CA2423D
:1034200002D0104CA24201D1032309E00E4CA2426B
:1034300005D00E4CA24202D00D4CA24200D109236D
:1034400030BC1A46FFF79EBF000001400004004058
:1034500000080040000C0040000401400040014012
:10346000004401400048014000180040001C00409A
:103470000020004010B50C460146042004F016FD63
:1034800009480168A1430160001D0168A143016072
:10349000001D016821430160001D01682143016096
:1034A00001481430046010BD003C014070B51C4D53
:1034B000286800F4D0741B48C16E491CC1661A49C3
:1034C000097831B3194EA00609D52020286001469D
:1034D0003046FFF767FF0146002000F059F820064C
:1034E00009D58020286001463046FFF75BFF014682
:1034F000012000F04DF8E00510D54FF480712960EF
:103500003046FFF74FFFBDE870400146022000F053
:103510003FB804B12C60016F491C016770BD000009
:10352000143C0140287E0020EA00002000100240E8
:1035300010B5144C206820F4D07020600020124A8E
:1035400001461154401CC0B20328FAD30D494FF470
:10355000D07014310860172001F01CFF0A490120C7
:10356000491E0870206840F4D07020604FF0E021C0
:103570004FF40000C1F800010448816B41F00201E2
:10358000816310BD003C0140EB000020287E00203C
:1035900070B51F4A536803280DD21E4A02EB401231
:1035A000D468641CD4601B4E1B4C6036012519B1D5
:1035B00046F82030255470BD215C0029FBD0002145
:1035C00021541649164C0968B1FBF4F101B9A82140
:1035D00056F82000181AB0FBF1F09060A0F1140129
:1035E00049F62C4399420FD80A21B0FBF1F1B1F50D
:1035F000803F01D34FF6FF715060118015755575EE
:103600009069401C906170BD1069401C106170BDD4
:10361000001000E0D0840020EB0000208C0000208F
:1036200040420F003EB52748016841F080710160BB
:10363000254800244460016841F001010160012136
:10364000102003F0F5F80121880303F015F94FF479
:10365000D07000908DF8044002208DF805008DF8A0
:1036600006408DF8070069461848FFF7D1FD202174
:103670000520FFF7FFFE80210720FFF7FBFE4FF438
:1036800080710820FFF7F6FE17208DF8080005204E
:103690008DF809008DF80A408DF80B4002A801F062
:1036A00085FE0B49502081F800044FF0E0214FF4D3
:1036B0000000C1F88001172001F06CFE054804707D
:1036C0003EBD0000FCED00E0001000E000100240F4
:1036D00017E000E0EA00002008B50BF0A5FF00901D
:1036E0004FF496700EF0AEFBFFF722FF0BF09CFF3D
:1036F000DFF8C0B0DFF8C080DFF8C0A04FF00009ED
:103700000090642168460EF0C9FBDBF868005C4657
:10371000401CCBF8680000200EF01EFAA16F814219
:1037200000D9A06700270FF051FA064600250AEBE2
:103730004514607D40B10EF067FA607D10B184F8E9
:103740001590E6610EF092FAE06928B3E069301A4C
:10375000B0F5FA7F20D80120207520889FED181A37
:1037600000EE100AF8EE400A80EE810A25B1012D24
:1037700007D0022D0ED109E010EE100AC8F80000A3
:1037800008E010EE100AC8F8040003E010EE100A7A
:10379000C8F80800012701E084F814906D1CEDB210
:1037A000032DC4D30FB1012000E000200549487269
:1037B000A7E70000287E0020C4010020D08400205C
:1037C00000007A44187E002070B5D04000F001005F
:1037D0000C460870097B0026012505293AD2DFE84E
:1037E00001F00337091D330088B30FF0EFF9606073
:1037F00002200AE00FF0EAF96168401AA06021781F
:1038000029B1B0F57A7F25D90420207322E032282F
:103810001FD30FF0DBF960600320F6E70FF0D6F955
:1038200061684FF4C872401AA0602178012904D061
:1038300090420FD32573012070BD9042FAD23228F6
:1038400008D92573022070BD2573032070BD01E0E7
:1038500000B926730020F9E731B5124C07239DF813
:1038600000100122104D2846FDF720FA2846FDF7EA
:1038700057FA01E0641E0AD002212846FDF7E9F953
:103880000028F7D02846BDE83840FDF7DFB90748E3
:103890000168491C01604FF4806004F035FD002090
:1038A00038BD0000A086010000200140B0000020CB
:1038B0002DE9F0470E0081464FF0000512D000249C
:1038C000DFF8348013E0D8F800704846FFF7C4FFF3
:1038D000D8F80010B94207D024B1B5FBF4F080B29B
:1038E000BDE8F0870020FBE7641C0544E4B2B44265
:1038F000E9D3B5FBF6F0F2E7B00000202B489FEDCE
:103900002A0ADFED2B1A41782B48DFED2A2AB7EE81
:10391000002A90ED0B1A0929F1EE410A3FD2DFE8A7
:1039200001F03E05080B101318383B0080ED011A1A
:103930000CE080ED011A01E0C0ED011AC0ED032A90
:103940000DE0C0ED010A08E0C0ED010AC0ED031A68
:1039500005E020EE420AC0ED010A80ED030AD0ED39
:10396000010ADFED161A80EEA10A80ED010A90ED42
:10397000022AC2EE210A9FED122AC1EE021AC0ED00
:10398000020A90ED031A21EE811A80ED031AFFF767
:1039900095B9C0ED011AE0E780ED011ADDE7C0ED51
:1039A000011AC0ED021AD1E7DB0F493FE500002004
:1039B00000000000DB0F49BFA887002000007A4408
:1039C0000000FA4370B500202DED028B03F002FCDD
:1039D0000546012003F0FEFB1E4E04460121706BDC
:1039E0000EF014FDB0EE408A0021706B0EF00EFD5B
:1039F00006F13801487828B9486828444860886842
:103A0000001B8860642015FB00F000EE900A12494C
:103A10006FF06300B8EEE01AD1ED040AC1EE201A8F
:103A200091ED021A61EE811A81EE882A81ED072A52
:103A300014FB00F001EE900AF8EEE11A81EEA02AE4
:103A400062EE010A80EE801A81ED0A1ABDEC028B4B
:103A500070BD0000A88700204C87002010B508200A
:103A6000FFF7FAFEFCF7E8FD9FED0B1B53EC112B63
:103A7000FCF7F0FC9FED0A1B53EC112BFCF7EAFC62
:103A80009FED091B53EC112BFCF7E4FCFCF726FE21
:103A900000EE100A10BD00006666666666660A40A3
:103AA0000000000000002640000000000000303F41
:103AB000D0F8DC0306F067BDD0F8DC0306F079BD72
:103AC000006807F057BA006807F058BAC1EB011157
:103AD00000EB8100002200F81A2F4270C27282723D
:103AE00010467047C1EB011100EB810090F84C00CB
:103AF0007047C1EB011100EB8100806B704710B57E
:103B0000044690F8D403012809D0012084F8D40396
:103B1000206807F03EFA002084F8D40310BD02208C
:103B200010BD2DE9FF4F83B00546DDE9117690F811
:103B3000D403DDF8408093468A4601281CD0CAEBA6
:103B40000A10012305EB800485F8D4334FF00009F7
:103B500084F819900698207584F815A084F82670CA
:103B60000BF07F00A07551462846FFF7AFFF5FEAD4
:103B70000B6005D5E37505E0022007B0BDE8F08FC6
:103B800084F81790286807F0F9F9012F06D1B8F1E9
:103B9000010F03D110B9BC2E00D9BC2684F81880BF
:103BA000B0B22085CDF80080CDE9017028685A4672
:103BB0005146069B07F058FA85F8D493DDE7D0F814
:103BC000DC0306F06DBD2DE9F0030E46DDE906C904
:103BD000DDE90874C1EB061100EB81010225CA750D
:103BE00081F82630BCF1000F0AD081F82A50002459
:103BF00063B1012B31D0022B28D0032B16D125E045
:103C00004FF0030881F82A804C76F0E7BCF1010FF1
:103C10000CD11AB18A7E012A19D007E0D7B9012246
:103C200081F83D2000E0C2B181F82A50C1F82C9003
:103C30004F6381F84C408C634E7581F84D4082791A
:103C40000068BDE8F003143107F09EBA12B191F894
:103C50003C20E8E791F83D20E5E781F82A40E5E7D8
:103C60002DE9F04104460068064607F08EF9012868
:103C700076D1206807F042FC002871D0206807F058
:103C80003DFC800203D521684FF400104861206894
:103C900007F034FCC00203D521684FF4801048615E
:103CA000206807F02BFC400103D521684FF08060AD
:103CB0004861206807F022FC800702D521680220B5
:103CC0004861206807F01AFC800018D521684FF081
:103CD00000504861D6F84004C00710D1102130468A
:103CE00007F008F9304607F0E9F8607A022803D1B6
:103CF0000121206807F0DEFB2046FFF7DDFE20688B
:103D000007F0FCFBC00102D5204600F01FFC206834
:103D100007F0F4FB000705D5204600F0BAF821684B
:103D200008204861206807F0E9FB800123D520685E
:103D300007F026FA074600254FF0010814E005F0C9
:103D40000F0108FA01F038420DD006EB4510D0F80B
:103D50000005E9B20004204603D500F0C6F802E0F1
:103D60001CE000F080FA6D1C6079A842E7D8216859
:103D70004FF000704861206807F0C0FBC043C006E8
:103D80000CD42068816921F010018161204600F087
:103D900027FC2068816941F010018161BDE8F08154
:103DA000F8B5040005D094F8D5032568002610B1B5
:103DB00006E00120F8BD84F8D463204600F028F81E
:103DC000032084F8D503B5F1A04F00D1A671206877
:103DD00007F040F8207C8DF8000094E80F0006F012
:103DE000D9FF022560B90121206807F0C3FB38B96B
:103DF000207C8DF8000094E80F0007F0F3FA10B172
:103E000084F8D553D5E7012084F8D5030020F8BD08
:103E10003EB50121084602F00BFD0121802002F091
:103E200013FD4FF4C050009002208DF804000320D1
:103E30008DF80500104D00248DF80740694628468E
:103E4000FFF7E6F90A220B212846FFF79BFA0A2220
:103E50000C212846FFF796FA43208DF8080005202C
:103E60008DF809008DF80A4001208DF80B0002A89A
:103E700001F09CFA3EBD000000000240D0F8DC03D7
:103E800006F02BBCD0F8DC0306F02BBC006807F072
:103E900058BBD0F8DC0306F0CCBB10B5044690F854
:103EA000D40301280DD0012084F8D4030121206817
:103EB00006F0E8FF206806F0FBFF002084F8D4033A
:103EC00010BD022010BD10B5044690F8D40301289F
:103ED00009D0012084F8D403206807F079FB002082
:103EE00084F8D40310BD022010BD2DE9F05F054613
:103EF00000680E46074607F0F9FAC6EB06114007C0
:103F00004FF007084FF0040905EB810401D548463E
:103F100033E03146286807F0E9FAC0054FF0080A97
:103F200008D507EB46114FF48070C1F8080584F8F6
:103F30004DA028E03146286807F0D8FA000705D5DB
:103F400007EB4611C1F808A506200CE031462868A9
:103F500007F0CCFA400509D507EB46114FF4806015
:103F6000C1F80805092084F84D000CE031462868A6
:103F700007F0BCFA00060AD5802007EB4611C1F80D
:103F8000080584F84D803146286807F002F831466C
:103F9000286807F0ABFA80052868314604D506F09A
:103FA000F8FF4FF4007059E107F0A0FAC0074FF096
:103FB000200B4FF0010A4FF000084ED007EB4617D8
:103FC000C7F808B5E07E012807D184F81B80D7F830
:103FD000040520F48030C7F80405A87930B1206BBF
:103FE000D7F81015C1F31201401AA06384F84DA050
:103FF000C4F844805246C7F808A594F8260030B1AA
:10400000022804D003280AD0012808D013E0314642
:10401000286806F0BEFF1020C7F808050BE0D7F8A7
:10402000000540F00050C7F8000584F84C203146E8
:104030002846FFF7C4FDA879012807D1208DA16B80
:104040000144491EB1FBF0F0C00704D014F83C0F46
:1040500080F001002070BDE8F09F3146286807F02D
:1040600045FA80060CD507EB4611C1F808B5A07ECD
:104070000128F0D184F81BA0032084F84D00B4E09F
:104080003146286807F032FA80074FF0050B75D5E6
:1040900007EB46100222C0F8082594F84D100129BC
:1040A00016D0062919D007291CD009291AD00529AC
:1040B00033D0032963D004297DD008297ED002297A
:1040C000C9D094F84C2031462846FFF778FDC2E766
:1040D00084F84D2084F84CA0F3E784F84D2084F850
:1040E0004CB0EEE784F84D20616C491C61640229F4
:1040F00010D9C4F84480A27E4146012A07D1E17656
:104100002177D0F8041521F48031C0F8041584F823
:104110004C90D6E784F84C2022E084F84D20E17ED4
:104120000129CED194F826100329F3D1A16C491CA2
:10413000A164022911D9C4F8488084F81B80616CFD
:10414000032901D284F81CA0D0F8041521F4803191
:10415000C0F8041584F84C9002E084F84C20B0E7D5
:1041600094F8261009B10229ABD1D0F8001521F03E
:10417000804141F00041C0F80015A2E724E084F836
:104180004D20E17E01299CD184F84C20D0F8041503
:1041900041F48031C0F80415D0F80C1541F040010D
:1041A000C0F80C15D0F80C1521F02001C0F80C1542
:1041B000D6E700E002E084F84D20ABE784F84D201C
:1041C000606C401C6064A2E73146286807F08EF9F5
:1041D000400610D507EB46114020C1F8080584F8C9
:1041E0004DB0A07E08B9C4F8448031462868BDE8C7
:1041F000F05F06F0CEBE3146286807F077F9C006BA
:104200007FF565AF94F82600032803D028B1022873
:1042100003D00FE0C4F8448006E0C4F84480A879D5
:1042200010B1E07E012818D184F84D9031462868FD
:1042300006F0AFFEE07E01280FD107EB461084F8B0
:104240001B80D0F8041521F48031C0F80415D0F893
:104250000C1541F02001C0F80C15102007EB461199
:10426000C1F80805F7E62DE9F05F054600680F463E
:10427000064607F03BF9C7EB071140074FF0040A69
:1042800005EB810405D506EB4711C1F808A5072009
:1042900089E03946286807F029F980064FF00008C0
:1042A0004FF001094FF0020B28D506EB47112020F3
:1042B000C1F80805607E0326012809D184F8198019
:1042C00084F84CB084F84D603946286806F061FEE9
:1042D000A07E012810D1E07E00280DD194F82600A0
:1042E000012801D084F81B9084F84D603946286875
:1042F00006F04FFEC4F84480BDE8F09F39462868B8
:1043000007F0F4F8800506D506EB47114FF400706E
:10431000C1F8080549E03946286807F0E7F8C00702
:1043200020D0C4F844803946286807F0DFF84006FA
:1043300006D506EB471184F819904020C1F808050E
:10434000E07E48B106EB471084F81B80D0F80415D6
:1043500021F48031C0F8041506EB47114846C1F836
:10436000089520E03946286807F0C0F840060ED5C9
:10437000052084F84D00A07E08B984F81990C4F88F
:1043800044803946286806F004FE402028E039467B
:10439000286807F0ABF800070DD506EB4711082099
:1043A000C1F80805062084F84D0039462868BDE8A4
:1043B000F05F06F0EEBD3946286807F097F8C006B2
:1043C00013D5C4F8448084F84DA0607E18B9207ECF
:1043D00008B984F819903946286806F0DAFD1020EB
:1043E00006EB4711C1F8080586E73946286807F04B
:1043F0007DF800061CD5A87970B1606C401C606423
:10440000022811D9C4F84480524684F84CA0394699
:104410002846FFF7D4FB09E0072084F84D00394611
:10442000286806F0B6FD01E084F84CB08020D7E79C
:104430003946286807F05AF8400509D5092084F85C
:104440004D003946286806F0A4FD4FF48060C7E7A8
:104450003946286807F04AF88007C5D506EB4711AA
:104460005A46C1F808B594F84D00012817D0032822
:104470003AD0042840D005284ED006284FD007282F
:1044800001D00928B0D184F84D20606C401C6064D4
:1044900002284AD9C4F8448084F84CA04FE084F83C
:1044A0004D2084F84C9094F82600022801D003286F
:1044B00045D1A87928B994F83D0080F0010084F82E
:1044C0003D00A87901283AD1606B20B3218D0844C2
:1044D000401EB0FBF1F0C00731D094F83D0080F0F1
:1044E000010084F83D002AE084F84D20E07E012898
:1044F00025D184F84C2022E084F84D2084F84C200B
:10450000E07E01281BD184F81B80D1F8040520F43B
:104510008030C1F8040512E084F84D20E9E784F802
:104520004D20052084F84C0009E084F84C20D1F897
:10453000000520F0804040F00040C1F8000594F8EC
:104540004C2039462846FFF73AFBD5E67CB504688F
:104550000546D4F840040190D4F8400420F02E0021
:1045600000900198800709D50198C00702D028461D
:10457000FFF79EFA009840F00200009001980007B3
:1045800024D5009840F008000090019840071AD503
:10459000687A022803D0E87901280CD00FE001984E
:1045A000C0F341400228286803D0012106F082FFB1
:1045B00005E00221FAE74EF66020C4F8040428461C
:1045C000FFF760FC02E02846FFF758FC01988006E0
:1045D000009802D540F020000090C4F840047CBD53
:1045E0002DE9F041024600680746016AC1F34343E2
:1045F00001F00F06C1F30A15022B2ED1002D2CD08D
:10460000C6EB061102EB8104E16A002925D0A26BFA
:10461000636B2A449A4222D82A4606F073FFE06A66
:104620002844E062A06B2844A06307EB4610D0F852
:104630001015228DC1F3C941AA420ED100290CD018
:10464000D0F8001521F0804141F00041C0F800157C
:1046500014F83C0F80F001002070BDE8F0810420C8
:1046600084F84C00F9E7000070B5064614460D4684
:1046700010EE100AFCF706F841EC100B9FED391B09
:1046800008F0ECF951EC100BFCF728F800EE900A5A
:10469000DFED361A0621B7EE001A80EEA10AF0EE21
:1046A000412AB0EE412AFDEEC00A10EE900A90FBBE
:1046B000F1F201FB120300EE903A062BF8EEE00A4D
:1046C00070EE600A9FED2A0A40EEC12A71EE600A80
:1046D000F0EE401A00EEC12A28D2DFE803F003080A
:1046E0000F161B20F0EE410AB0EE420A03E0F0EE96
:1046F000620AB0EE410AB0EE611A1BE0B0EE410A68
:10470000F0EE610AB0EE421A14E0F0EE610AB0EE8B
:10471000620A0FE0F0EE420AB0EE610A0AE0F0EE43
:10472000410AB0EE610AB0EE621A03E0B0EE401A40
:10473000F0EE400ADFED0F1A60EEA10A20EE210A2A
:10474000FCEEE00ABCEEC00A10EE900A307010EEEB
:10475000100A21EE210A2870BCEEC00A10EE100AE1
:10476000207070BD000000000080764000007042A4
:104770000000000000007F4370B5417802789FED93
:10478000341A01EB022109B200EE101A31494FF040
:104790007C54F8EEC00A80EE810ADFED2F0A81ED2D
:1047A000070AC1ED080A4279037902EB032212B22B
:1047B00001EE902A294AF8EEE11A81EE812A81ED74
:1047C000092A1369A34202DB5269A2420ADA244A87
:1047D00092F84820052A05D1B6EE001A20EE010A0B
:1047E00081ED070A827902F00105CD718279C2F369
:1047F00040160E708279C2F300134B7082793344F5
:10480000C2F3C004CC708279C2F380028A70224461
:104810009A180A7100D01DB1C1ED070AC1ED090A4D
:10482000C079802809D9C0F58070A0EB0010400045
:1048300000EE100AB8EEC00A06E0C0EB001040001F
:1048400000EE100AB8EE400A81ED030A70BD0000C8
:1048500000007A44F87F002000000000C40100201E
:104860004C870020012003F0ADFCFEE770B50D4C35
:104870000025C4F8A4520C48016821F440310160BD
:10488000016841F480310160C4F8A052012004F5B0
:1048900028740AF045FE012060600AF041FE656060
:1048A00070BD000000804042000402402DE9FC4140
:1048B0000121022001F0BCFF0121022001F0B8FF1C
:1048C00001248DF8044000254FF400708DF8065047
:1048D00003260F4F00908DF805608DF8074069465C
:1048E0003846FEF795FC8DF8044020028DF80650FE
:1048F00000908DF805608DF8074069463846FEF750
:1049000087FC0448C0F8A442C0F8A042BDE8FC817E
:10491000000402400080404270B50D4C0026C4F8EF
:10492000A4620C48016821F440310160016841F43F
:10493000803101600125C4F8A052284604F528748E
:104940000AF0EEFD656001200AF0EAFD666070BDC8
:1049500000804042000402402DE9F047814618489B
:104960000025016821F44031016001680160154EA5
:104970002C462F464FF00108C6F8A47201200AF019
:10498000CFFDC6F8A4826806D6F82012000E11B139
:1049900040F0010501E020F0010501200AF0C0FD12
:1049A000641CE4B2082CE7D3B9F1000F04D0FFF780
:1049B000B3FF2846BDE8F087FFF758FFF9E700008E
:1049C000000402400080404270B50D46044600F0ED
:1049D0001BF8204600F0B0F800F05EF8284600F022
:1049E000ABF800F059F800F00FF844F0010000F0C7
:1049F000A3F800F051F80120FFF7AEFF044600F0E5
:104A00002BF8204670BD000070B51148016821F4F4
:104A100040310160016841F4803101600D4C01209A
:104A2000C4F8A002D4F8201200290FD0C4F8A402C0
:104A30000AF076FD0025C4F8A052D4F82002002820
:104A400004D101200AF06CFDC4F8A45270BD00002E
:104A500000040240008040420D4810B5016821F476
:104A600040310160016841F480310160094C00204F
:104A7000C4F8A402C4F8A002012004F528740AF0C6
:104A80004FFD012060602060BDE810400AF048BD85
:104A9000000402400080404270B5124800240168C2
:104AA00021F440310160016801600F4D0126C5F815
:104AB000A06230460AF034FDC5F8A46207E0641C29
:104AC000E4B2322C03D9FFF7C7FF002070BD0120EC
:104AD0000AF026FDD5F820020028F0D1C5F8A4027E
:104AE000012070BD00040240008040422DE9F041E9
:104AF0001D4614460F468046069EFFF765FF621C62
:104B0000FF21C4F1080301FA02F22B445B1ED940D5
:104B10000A43C5F108018E40D2B2F1B2C4F10703D5
:104B2000D940104040EA01023946404600F034F8CE
:104B30000120BDE8F08100002DE9F0410546144850
:104B4000016821F440310160016841F48031016065
:104B5000104E0027C6F8A4723C464FF00108E80941
:104B6000C6F8A0026806050E01200AF0D9FCC6F8B6
:104B7000A48201200AF0D4FCC6F8A47201200AF035
:104B8000CFFC641CE4B2082CE9D3BDE8F08100003E
:104B9000000402400080404270B515460E460446AF
:104BA000FFF732FF2046FFF7C7FFFFF775FF3046DC
:104BB000FFF7C2FFFFF770FF2846FFF7BDFFFFF7C3
:104BC0006BFFFFF749FF012070BD00000F4820B5C3
:104BD000811C021D0AF042FD0D484068B0F57A7F45
:104BE00012DB0A491E39CA8B8A810B8CCB81488C17
:104BF00008820D88521BCA834A889A1A0A848A88B6
:104C0000801A00F580404884204620BD6688002038
:104C1000187E00200E4820B5811C021D0AF08EFD72
:104C20000C484068B0F57A7F10DB094918390A8BC7
:104C30004A824B8B8B82888BC882CD88521B0A8319
:104C40000A899A1A4A834A89801A8883204620BD95
:104C500060880020187E00200021D020FFF7B4BE1D
:104C600008B50AF0E1FC0F4F0D4C4FF47A7507F1CF
:104C7000180807F11E0600900A2168460DF00EF98B
:104C80006068A84207DA4146B81D00F00DF83146C9
:104C9000044800F009F8FFF799FFFFF7BBFFEBE7C7
:104CA000187E0020488800200A8802804A884280B6
:104CB00089888180704730EEC00A44F2A01280EDEE
:104CC000000AD0ED010A30EE601AD0ED030AF8EECA
:104CD000E00A61EE200A90ED041AB8EEC11A41EE26
:104CE000000A90ED021AB8EEC11A70EE810AFDEECC
:104CF000E00A10EE901A8160914202DC5242914229
:104D000000DA826080ED010A806870471CB50121DD
:104D1000042001F08DFD2020009000208DF804007B
:104D200003208DF8050001208DF807006946024830
:104D3000FEF76EFA1CBD00000008024000EE100AEB
:104D4000B7EE001A70B5F8EE400A3948394D002226
:104D500081EE200ADFED350A437820EE200A4BB1C0
:104D6000027042808280C2800281D5F81432012B09
:104D700000D14270D5F81432012463B9437853B995
:104D80000470C3885B1C9BB2C3808B4203D9C28072
:104D900083885B1C8380DFED280A868880EE801A7A
:104DA000FCEEC10A10EE903A9BB2B34202D24470BC
:104DB000032070BD0378B3B3D5F81432012B09D1A9
:104DC00003895B1C9BB203818B4203D9028141881A
:104DD000491C4180DFED190A80EE801AFCEEC10A01
:104DE00010EE901ADFED160A8AB241888A420ED27E
:104DF00080EE801ABCEEC11A11EE102A92B28A42DD
:104E000005D9D5F8141271B94470022070BD80EE36
:104E1000801ABCEEC10A10EE102A92B28A4203D266
:104E20004470012070BDFFE70020FBE700007A44DA
:104E3000C8000020000041420000FA430000484240
:104E40000000964300221249012370B101280FD0BF
:104E500002280FD0032811D0042811D0052813D020
:104E600006280AD10A704A7006E00A704B7009E001
:104E70000A7000E00B704B708A7070470B70F2E79D
:104E80000B7002E08B7070470A704A70FAE70000FE
:104E9000D400002030B41949194A0C78137851789D
:104EA0009278022C14D3012803D000221146104618
:104EB00005E03BB1002039B100213AB1002230BCFD
:104EC00000F022B8FF20F6E7FF21F6E7FF22F6E721
:104ED000012C09D10B4C012808D00120C4F8B802DC
:104EE000C4F8B402C4F8BC0230BC7047C4F8B8328D
:104EF000C4F8B412C4F8BC22F6E70000187E002003
:104F0000D40000200080414270B514460D460BF0DD
:104F100011FE074B186028460BF00CFE054988630C
:104F200020460BF007FE0249091F086070BD000013
:104F3000381800400040014070B53C21D020FFF7F8
:104F400043FD04463B21D020FFF73EFD04EB00204B
:104F5000184C3E21E083D020FFF736FD05463D2169
:104F6000D020FFF731FD05EB002020844021D02028
:104F7000FFF72AFD05463F21D020FFF725FD05EB71
:104F800000200D4900B260844968B1F57A7F0FDBDB
:104F9000E18BA181228CE28120822388C91AE183DE
:104FA0006188511A2184A188401A00F580406084EC
:104FB00070BD000048880020187E002070B5442194
:104FC000D020FFF701FD04464321D020FFF7FCFC71
:104FD00004EB0020174C46212083D020FFF7F4FC7F
:104FE00005464521D020FFF7EFFC05EB002060834C
:104FF0004821D020FFF7E8FC05464721D020FFF7E5
:10500000E3FC05EB00200C4900B2A0834968B1F530
:105010007A7F0DDB218B6182628BA282E082E38842
:10502000C91A21832189511A61836189401AA08399
:1050300070BD000048880020187E0020BC2801D3E5
:10504000012210E0622801D302220CE02A2801D3B9
:10505000032208E0142801D3042204E00A2801D323
:10506000052200E006221A21D020FFF795BD10B5D9
:1050700004464FF47A70844201D9044602E0042CBD
:1050800000D20424B0FBF4F0401EC2B21921D0209B
:10509000FFF782FD6008BDE81040FFF7CFBF752124
:1050A000D020FFF791BC10B580226B21D020FFF7F4
:1050B00073FDC8200AF018FA00226B21D020FFF7F8
:1050C0006BFD012000F03AF8002000F02EF83220AD
:1050D000FFF7CDFF00223821D020FFF75DFD002231
:1050E0006A21D020FFF758FD00222321D020FFF7AE
:1050F00053FD80223721D020FFF74EFD7521D020AF
:10510000FFF762FC682801D0012010BD01226B214D
:10511000D020FFF741FD00226C21D020FFF73CFD9D
:105120003220FFF7A4FF002010BD08B50223009035
:1051300004221C21D020FFF7D9FC08BD08B50223AA
:10514000009004221B21D020FFF7D0FC08BD0000F6
:1051500008B50AF069FA0F4F0D4C4FF47A7507F154
:10516000180807F11E0600900A2168460CF096FE0A
:105170006068A84207DA4146B81DFFF795FD314641
:105180000448FFF791FDFFF7D7FEFFF717FFEBE7A6
:10519000187E002048880020124910B51048086089
:1051A00001221149114805F089F908B1FDF750FFB6
:1051B0000F490E4805F08CFD08B1FDF749FF0D4978
:1051C0000A4805F085FD08B1FDF742FF074805F0E4
:1051D000C6FD002803D0BDE81040FDF739BF10BD63
:1051E000080100200401002075AD0008089100208E
:1051F0004802002068020020022002F0E3FFFEE7E0
:1052000070B50121022001F013FB0121022001F001
:105210000FFB0121042001F00BFB0121102001F004
:1052200007FB0121082001F003FB0121082001F008
:10523000FFFA0121042001F0FBFA0121084601F0E8
:10524000F7FA1E4D4FF400512846FEF71DF8AC1436
:1052500021462846FEF718F8194D01212846FEF789
:1052600013F8E1001748FEF70FF8174EA11030466B
:10527000FEF70AF821463046FEF706F82146284692
:10528000FEF702F821111148FDF7FEFF104900203A
:10529000C1F8B402C1F8B0020E4AC2F880020E4949
:1052A000C1F8BC020D49C1F8A802C1F8B002C2F8A9
:1052B000B0020B49C1F8A00270BD0000000402401A
:1052C0000008024000100240000C024000000240B2
:1052D00000804042000041420000424200804142C2
:1052E000000040422DE9FE430C460546FFF788FFCB
:1052F0000121022001F0C0FA0121042001F098FAF6
:105300000121022001F0B8FA0121042001F090FAF5
:105310000121022001F0B0FA0121042001F088FAF5
:105320000121022001F0A8FA0121042001F080FAF5
:10533000144FDFF85480CDE90054002604233A4688
:10534000D9014046029603F083FCCDE900540323C3
:105350003A46B9154046029603F07AFCCDE900546E
:1053600002233A4680214046029603F071FCCDE9C3
:10537000005401233A4640214046029603F068FC5F
:10538000BDE8FE830004014000080240052002F051
:1053900019FFFEE700F01F02012191404009800043
:1053A00000F1E020C0F880127047000030B50F23F4
:1053B000C27801780125FAB1144A126801F1E0219E
:1053C00002F4E062C2F5E062C2F30722C2F1040413
:1053D000D3404278A24084781C401443220181F8D3
:1053E0000024007800F01F018D404009800000F18A
:1053F000E020C0F8005130BD01F01F008540480991
:10540000800000F1E020C0F8805130BD0CED00E0DC
:105410000249084302490860704700000000FA058D
:105420000CED00E030B40021084B0A46002003EBED
:10543000C004401CC0B262548028F8D3491CC9B2D1
:105440000829F3D330BC00F049B90000BC8000202B
:1054500010B50021074B0A46002003EBC004401C96
:10546000C0B262548028F8D3491CC9B20829F3D3CA
:1054700010BD0000BC8000202DE9F0471F4690467B
:105480000E4682460025DDF8209011E03146504658
:1054900000F06CF9544607E019F8050001216D1C75
:1054A00000F0F2FD641CE4B24445F5D3761CF6B27C
:1054B000BE42EBD3BDE8F08710B57F2816D83F2950
:1054C00014D80723A3EBD10301F00701C1F10704AE
:1054D0000121A140064CDBB204EBC000002AC25CF3
:1054E000C9B201D00A4300E08A43C25410BD000093
:1054F000BC8000201CB5009101218DF80410002112
:105500008DF806108DF805108DF807106946FDF727
:105510007FFE1CBD524810B50078524C03287CD049
:1055200051482060006800F0A9F82068806800F009
:10553000A5F82068006900F0A1F82068806900F0F3
:105540009DF8206881880068FFF7D4FF2068818972
:105550008068FFF7CFFF2068818A0069FFF7CAFFE4
:105560002068818B8069FFF7C5FF2068002110301B
:1055700000F0AEF8642009F0B7FF20680121103078
:1055800000F0A6F80021AE2000F07EFD0021D5201D
:1055900000F07AFD0021502000F076FD0021A820C7
:1055A00000F072FD00213F2000F06EFD0021D320AD
:1055B00000F06AFD0021084600F066FD0021402051
:1055C00000F062FD00218D2000F05EFD002114201E
:1055D00000F05AFD0021202000F056FD002102209D
:1055E00000F052FD0021A12000F04EFD0021C0205E
:1055F00000F04AFD0021DA2000F046FD00211220D3
:1056000000F042FD0021812000F03EFD0021EF204E
:1056100000F03AFD0021D92000E01DE000F034FD4B
:105620000021F12000F030FD0021DB2000F02CFDF6
:105630000021302000F028FD0021A42000F024FDEE
:105640000021A62000F020FD0021AF2000F01CFD6D
:10565000BDE81040FFF7E6BE0348203061E70000D8
:10566000187E0020DC000020884401080121017020
:105670004170002181700521C17070470F49884237
:1056800002D10121084616E00D49884202D10121CC
:10569000022010E00B49884202D1012104200AE0D7
:1056A0000949884202D10121082004E007498842C3
:1056B00003D10121102001F0BBB870470000024067
:1056C0000004024000080240000C024000100240AA
:1056D0000A4681880068FDF777BE000070B5104E5D
:1056E000002505F1B000C0B2002100F0CDFC002182
:1056F000084600F0C9FC0021102000F0C5FC002481
:1057000006EBC4000121405D00F0BEFC641CE4B265
:10571000802CF5D36D1CEDB2082DE2D370BD0000D6
:10572000BC80002070B5104E002505F1B000C0B25D
:10573000002100F0A9FC0021084600F0A5FC002192
:10574000102000F0A1FC002406EBC4000121405D04
:1057500000F09AFC641CE4B2802CF5D36D1CEDB211
:10576000022DE2D370BD0000BC80002010B50446BD
:10577000B031C8B2002100F087FC102040EA1410BC
:10578000002100F081FC04F00F00BDE81040002172
:1057900000F07ABC2DE9F05F203A98460D4683462A
:1057A000894602F0FF0A00262EE0B8F10C0F08D05F
:1057B000174901EB0A100027845D200607D50A9AD5
:1057C00008E014490AEB4A0001EB8000F3E70A986D
:1057D00090B1002229465846FFF76EFE6D1C600608
:1057E000EDB2040EA5EB0901414507D10BF1010013
:1057F0004D4600F0FF0B05E00122EBE77F1CFFB2F6
:10580000082FDAD3761CF6B24645CED3BDE8F09F1A
:1058100058340108E42F010801490020087070473E
:10582000B00100202DE9FF4F81B00027DDF838B02E
:105830001D46924680463C464FF001094FEA5B0602
:105840002BE0281B401E0A22C0B2012100E0514378
:10585000401EC0B2FBD2BAFBF1F00A21B0FBF1F25C
:1058600001FB120027B9691E8C4201DA48B10127F9
:105870003030C2B206FB0480C0B25B46CDF8009067
:1058800006E006FB0480C0B25B462022CDF8009003
:105890000299FFF77FFF641CE4B2AC42D1D305B09C
:1058A000BDE8F08FF8B516460D460446012714E012
:1058B0007A2C02D900241035EDB23A2D03D90024F8
:1058C0002546FFF7AFFD009732780C232946204686
:1058D000FFF760FF0834E4B2761C30780028E7D187
:1058E000F8BD0000F8B5FE4C20786178884206D0FB
:1058F000FFF798FDFFF7F2FE20786070F8BDF94ED3
:10590000F94F0C25607001280CD002287ED00328A6
:105910007DD042F2107604287AD0052879D000286C
:1059200078D046E340F2C7140A210C20FDF7C0FFEF
:10593000B0FBF4F4B07900B3ECA200210846FFF705
:10594000B1FFEC480078D0B1EBA200212620FFF790
:10595000A9FFEAA200213C20FFF7A4FFE84CB4F91C
:105960001C00002813DAE7A200215020FFF79AFF5D
:105970000095B4F91C00424211E0E3A2DDE70223E6
:105980002246002128200095FFF74CFFE1E7E0A226
:1059900000215020FFF786FF0095B4F91C20052355
:1059A00000215A20FFF73EFFDA4C2078C10701D0D2
:1059B000D9A212E0810701D5D9A20EE0410701D595
:1059C000D9A20AE0010701D5D9A206E0C10601D596
:1059D000D9A202E0800604D5D9A232210020FFF727
:1059E00061FF6078F8B1D8A232212D20FFF75AFF6D
:1059F000022397ED130A1A4632214B200AF072FA5D
:105A0000C6A232214B20FFF74DFF04E00DE044E039
:105A100096E049E17EE2CDA232217820FFF742FFF5
:105A20000AF04AF9C5E2CAA2DEE7CAA200210720AD
:105A3000FFF738FF0095327801230A210920FFF78C
:105A4000F1FE0095727801230A212720FFF7EAFE74
:105A50000095F27801230A214520FFF7E3FE009527
:105A6000B27801230A216320FFF7DCFEBDA21E21CC
:105A70000020FFF717FFBDA21E214B20FFF712FFEA
:105A8000D6ED030A9FEDBA1A02231E2180EE810A89
:105A90001A4608460AF026FA8BE20021B5A208460B
:105AA000FFF700FFB6A200214220FFF7FBFEB6A2DF
:105AB0000C210020FFF7F6FE009597F848200223FE
:105AC0000C214220FFF7AEFEB2A218210020FFF702
:105AD000E9FEB24C207809F07BFD024618214220F5
:105AE000FFF7E0FEAEA224210020FFF7DBFE607886
:105AF00009F08CFD024624214220FFF7D3FEAAA222
:105B000030210020FFF7CEFEA84C00950323227819
:105B100030211820FFF786FE00953021627803239C
:105B20000846FFF77FFE0095A27803233021482026
:105B3000FFF778FE009503233021E2786020E6E14C
:105B400000219BA20846FFF7ADFE9A4C00952288E3
:105B5000052300211020FFF765FE97A200213020C9
:105B6000FFF7A0FE207D08B194A200E076A20021FC
:105B70004820FFF797FE92A20A210020FFF792FE2D
:105B80000095A26805230A211020FFF74BFE8DA285
:105B90000A213020FFF786FE8BA20A214820FFF75A
:105BA00081FEA0690423B0FBF6F106FB11020A2175
:105BB00058200095FFF736FE84A214210020FFF73D
:105BC00071FE0095228C052314211020FFF72AFE78
:105BD00079A214213020FFF765FE94F8340008B153
:105BE00076A200E058A214214820FFF75BFE74A2C1
:105BF0001E210020FFF756FE0095A26A05231E21F4
:105C00001020FFF70FFE6FA21E213020FFF74AFE83
:105C10006DA21E214820FFF745FEA06B0423B0FBB8
:105C2000F6F106FB11021E2158200095FFF7FAFD40
:105C300067A228210020FFF735FE0095B4F8402028
:105C4000052328211020FFF7EDFD5BA2282130203D
:105C5000FFF728FE94F8540008B158A200E03AA2D9
:105C600028214820FFF71EFE55A232210020FFF711
:105C700019FE0095A26C052332211020FFF7D2FDFA
:105C800050A232213020FFF70DFE4FA232214820D2
:105C9000FFF708FEA06D0423B0FBF6F106FB11022E
:105CA00032215820009532E100214AA20846FFF730
:105CB000F9FD494C0095A268052300211020FFF74B
:105CC000B1FD46A200213820FFF7ECFD606B0423F4
:105CD000B0FBF6F106FB11020021482000957FE0A1
:105CE000B0010020F87F00204C87002052434D2057
:105CF0003A000000E087002020580000475A0000CA
:105D0000488800202D000000545950453A000000FA
:105D10002B000000A8870020524F532020000000D5
:105D2000505332202000000041505020200000003D
:105D3000522D43202000000043414E20200000004F
:105D400055534152540000004F4646005600000093
:105D5000204F4E004C4120204C4220205242202017
:105D6000524100006375723A0000000041000000DB
:105D700000007A444361724D6F64653A0000000090
:105D80004449464600000000436172547970653A08
:105D90000000000048575F5665723A00187E0020E8
:105DA00053575F5665723A0049503A00F00100209F
:105DB000463A0000D08400206D6D00004F4E200058
:105DC000503A0000757300004E3A00004C3A000053
:105DD000523A0000533A0000287E0020453A000065
:105DE000FFF720FD79A20A210020FFF75BFD009557
:105DF000226C04230A211020FFF714FD74A20A214B
:105E00003820FFF74FFD0095A26C05230A2148209A
:105E1000FFF708FD6FA214210020FFF743FD206E5D
:105E20000423B0FBF6F106FB1102142118200095A3
:105E3000FFF7F8FC68A214214020FFF733FD606EE5
:105E40000423B0FBF6F106FB110214215820009543
:105E5000FFF7E8FC61A21E210020FFF723FDA06DE3
:105E60000423B0FBF6F106FB11021E211820009559
:105E7000FFF7D8FC5AA21E214020FFF713FD009522
:105E8000E26D01231E215820FFF7CCFC55A22821EA
:105E90000020FFF707FD54480095012302782821D0
:105EA0001820FFF7BFFC51A228213820FFF7FAFC89
:105EB000E06E0423B0FBF6F106FB1102282150200E
:105EC0000095FFF7AFFC4AA232210020FFF7EAFC61
:105ED000484800684FF47A76B0FBF6F106FB1102F1
:105EE0000323322118200095FFF79CFC42A23221A7
:105EF0003820FFF7D7FCE06F4049096803230844C6
:105F0000B0FBF6F106FB1102322150200095FFF79D
:105F100089FC4EE03A4D6878012804D0012698B1FA
:105F2000022815D045E03748009007236022012160
:105F30002020FFF7A1FA34A232210C20FFF7B2FC97
:105F4000BDE8F840FFF7EEBBFFF782FA267030E0BD
:105F500030498888401C80B288801E2802D30020E7
:105F600088802670FFF774FA00212BA20846FFF7FD
:105F700099FC2DA20F210020FFF794FCA87802289D
:105F80001BD0032819D0042819D0052819D029A21C
:105F90001E210020FFF786FC2AA22D210020FFF7FA
:105FA00081FC287801280ED029A22D215A20FFF744
:105FB00079FCBDE8F840FFF791BB26A2E8E729A2EB
:105FC000E6E72CA2E4E72FA2EFE70000543A000036
:105FD000483A00004F493A004F4F3A0053483A00C0
:105FE00053543A0050573A00EA00002049513A0011
:105FF00041443A00B000002055523A00A800002069
:1060000001010020C844010855534220496E6974BB
:106010002E2E0000A001002055534220496E6974C5
:10602000204F4B2E0000000050533220496E666F07
:106030003A000000556E4B6E6F776E2044657620F7
:1060400000000000446174612052656164793A0087
:106050004E6F200057697265642055534250533289
:1060600000000000322E3447205553425053322056
:106070000000000078626F78203336302020202026
:10608000000000005965730070B5134E0546306876
:10609000183001B10121FFF71BFB002400213068FB
:1060A000FFF716FB280601D5012100E0002130682A
:1060B0000830FFF70DFB01213068FFF709FB680688
:1060C000641C050EE4B2082CE8D33068BDE87040CB
:1060D00001211830FFF7FCBADC0000200148FDF771
:1060E000BFBD0000288D002082680021002A01DD4C
:1060F000521E8260002A01DA521C8260521C032A5E
:1061000002D2002181600121084670479FED050AF7
:10611000002380ED000A80ED010A8360C0E90312CC
:1061200070470000000000009FED040A002180ED90
:10613000000A80ED010A8160704700000000000045
:10614000002900DDC160002A00DD02617047000007
:106150002DE9F84301250746ADF8005020480026F8
:106160004670ADF800501F4C80464FF6FF792DE089
:10617000BDF80000384202D0C4F8845201E0C4F8EF
:106180008462102009F0CCF9C4F88C52052009F083
:10619000C7F9C4F88C62052009F0C2F9C4F88C5222
:1061A000102009F0BDF9D4F8000230B198F80110C0
:1061B000BDF80020114388F80110102009F0B0F953
:1061C000BDF8001009EA4100ADF80000BDF800007C
:1061D000FF28CDD9BDE8F843102009F0A1B900008F
:1061E000288600200000424270B50020274C05465A
:1061F0002554401CC0B20928FAD300F0E3F86678B1
:10620000412E03D0202E01D0FF2E07D100F02EF911
:1062100009221F491D48FAF731F866700021084627
:10622000225C401C1144C0B2C9B20928F8D3184AF4
:106230001C3A71B11570206842F8250F60685060F3
:10624000207A1072B4F80300C04380B222F8210C07
:1062500070BD1078401CC0B210700A280BD90B20FA
:106260001070D069C2F82500106AC2F8290092F8AF
:10627000240082F82D00D2F825002060D2F82900F1
:10628000606092F82D002072D5E70000288600207B
:10629000380100202DE9FC410121102000F0C8FA4E
:1062A0000121102000F0C4FA0121102000F0C0FAF2
:1062B0000121102000F0BCFA00258DF804500320C5
:1062C0008DF805001B4F0124022600948DF807600D
:1062D00069463846FCF79CFF8DF804408DF806505F
:1062E0008DF8055000968DF8074069463846FCF752
:1062F0008FFF8DF8044004208DF8065000908DF833
:1063000005508DF8074069463846FCF781FF8DF847
:10631000044008208DF8065000908DF805508DF847
:10632000074069463846FCF773FF00F09FF8BDE868
:10633000FC81000000100240034904200870044959
:10634000024808607047000000010020240100207E
:106350000401002070B5FFF747FF1848184CC179B9
:106360002170017AC1F1FF0161704179A1708079DA
:10637000E0700820FBF772FCFF25002608B12571AC
:1063800000E026710920FBF769FC08B1657100E0A7
:1063900066710A4D0A4E00240C35083E05EB0411C7
:1063A0002246B088FDF710FA010002D02046FBF724
:1063B0005FFC641CE4B20F2CF0D970BD288600206D
:1063C000240100202DE9FC4100268DF80060012504
:1063D000ADF80450224CC4F88862224F3878FFF799
:1063E000B7FE7878FFF7B4FE02208DF800001E4F4C
:1063F0004FF6FF782CE0ADF804501DE0C4F88C5245
:10640000052009F08DF8C4F88C62052009F088F8A1
:10641000C4F88C52D4F8000240B19DF80000BDF8D9
:106420000410385C08439DF800107854BDF804103F
:1064300008EA4100ADF80400BDF80400FF28DDD9EA
:10644000102009F06DF89DF80000401C8DF8000048
:106450009DF800000928CED3C4F88852BDE8FC811D
:10646000000042421D0100202886002070B500F087
:1064700075F800F073F800F071F8374C0025C4F897
:106480008852102004F5227409F04AF80120FFF721
:106490005FFE4320FFF75CFE0020FFF759FE01205E
:1064A000FFF756FE0020FFF753FE0020FFF750FED7
:1064B0000020FFF74DFE0020FFF74AFE0020FFF707
:1064C00047FE01262660102009F02AF825600120E9
:1064D000FFF73EFE4420FFF73BFE0020FFF738FEAB
:1064E0000120FFF735FE0320FFF732FE0020FFF703
:1064F0002FFE0020FFF72CFE0020FFF729FE0020D2
:10650000FFF726FE2660102009F00AF8256010200B
:1065100009F006F80120FFF71BFE4320FFF718FEE5
:106520000020FFF715FE0020FFF712FE5A20FFF7AC
:106530000FFE5A20FFF70CFE5A20FFF709FE5A20E3
:10654000FFF706FE5A20FFF703FE2660BDE8704005
:10655000102008F0E5BF00000000424210B50F4CCB
:106560000020C4F88802102004F5227408F0D8FF37
:106570000120FFF7EDFD4220FFF7EAFD0020FFF7C5
:10658000E7FD0020FFF7E4FD0020FFF7E1FD01201B
:106590002060BDE81040102008F0C2BF0000424259
:1065A0002DE9F0412DED088B9FED8BBADFED8BAA25
:1065B000B0EE6A9ADFED8ABA8A4C8B4F4FF0000832
:1065C0002078401CC0B220709FED88AA884E894D6B
:1065D000322820D1387802281DD3322020708649F5
:1065E00001206070C1F8E4090023D1F8DC091A46E3
:1065F00001F6E41109F040FD28687F214170017027
:10660000817080F8058080F8048086ED01AA86ED0F
:1066100002AA86ED03AA286841787F3900EE101A95
:106620000178F8EEC08AC1F17F0100EE101A81787E
:10663000F8EEC09AC1F17F0100EE101A6F49B8EE72
:10664000C08AB0EEE80A10EE102A8A4201DAF0EEB3
:106650004A8AB0EEE90A10EE102A8A4201DAF0EE18
:106660004A9AB0EEC80A10EE102A8A4201DAB0EE59
:106670004A8A63490978052904D002291DD00329D3
:106680001BD02FE0BDEEE80A10EE101A11BB017905
:10669000407909B130B10DE060B100EE100AB8EEFA
:1066A000409A04E0484200EE100AB8EEC09AF0EEBC
:1066B0004B8A17E0B0EE4A9A14E0B0EEC80A10EE2A
:1066C000101A504A91420DDAC1680F20884710B164
:1066D000B0EE4B8A06E02868C1680D20884708B1F3
:1066E0009FED498AC8EE8B0A96ED0B0A89EE2A1AAD
:1066F00060EE800AC8EE0B1A60EE810AC6ED010A50
:1067000089EE8B1A61EEAB1A21EE001A86ED021AA1
:106710009FED3E2AF5EEC00AC0EE022A21EEA20A43
:10672000F1EE10FA86ED030A03D2B1EE400A86EDCF
:10673000030ADFED371A80EEA10AC1EE210A86EDC9
:10674000010AC6ED020A96ED031AFCF7B7FA3148C2
:10675000DFED310A3249B0F9220000EE100AB8EE3E
:10676000C00A80EE208A94ED030ADFED2C0A30EE99
:10677000480AB0EEC00A10EE100A884226DD78689A
:10678000B0F57A7F22DD28688268FAB110EE100A2F
:10679000884201DA404617E010EE100A214988428B
:1067A00001DD9FED210A9FED211A30EE600A60EEB7
:1067B0002A0A80EE810AF6EE000A30EE200ABCEECC
:1067C000C00A10EE100AC0B20021904784ED038A7F
:1067D000BDEC088BBDE8F0810000FE4200007F4365
:1067E000DB0F493F70010020187E002000000000F0
:1067F000A887002004010020089100200000A0418B
:106800000001002017B7D1380000FEC20000FA4393
:1068100000007A4448880020E1FAD044CDCCCC3D39
:10682000CDCCCC3D9A99993F9A99993FCDCC8C3F4C
:10683000044A0029116801D0014300E0814311603E
:106840007047000030380240044A0029116801D026
:10685000014300E08143116070470000343802407A
:10686000044A0029116801D0014300E0814311600E
:106870007047000040380240044A0029116801D0E6
:10688000014300E08143116070470000443802403A
:10689000044A0029116801D0014300E081431160DE
:1068A00070470000243802400248016841F08071BE
:1068B000016070477438024070B5204B1968204C55
:1068C00011F00C0104D06610042903D0082903D06C
:1068D00004601BE0066019E0184A121F1168C1F33A
:1068E0008055116801F03F0115B1B6FBF1F101E0EF
:1068F000B4FBF1F114681268C4F388146143C2F365
:106900000142521C5200B1FBF2F1016019680F22E2
:1069100002EA11110B4A545C0168E14041601C68B5
:10692000072505EA9424145D21FA04F484601B68A9
:1069300005EA5333D25CD140C16070BD08380240D3
:106940000024F4000000002008B50CF03FF92C4CA6
:106950000090206880470022A3681146FF209847D6
:106960004FF47A7528460BF06DFA0022A368FF21D8
:106970001046984728460BF065FAFF220021A368CD
:106980000846984728460BF05DFA1E4D00F0ECF9DA
:10699000062830D2DFE800F003141921262D2878CC
:1069A000022802D0012805D025E00022114620202F
:1069B000E36803E00022E3682021104698471AE0CC
:1069C000802200216420E368F8E780220021E66944
:1069D0004FF4FA636420B0470DE000228021FF20CD
:1069E000E368EBE70748E368001DC27881784078E8
:1069F000E4E760688047C82168460BF04FFAC5E7B6
:106A000050010020B401002010B501200BF0B4FDAE
:106A10000349086018B103490020C87010BDFEE7A3
:106A20004C010020348700202DED028B0024DFED87
:106A30001D8A1D4D00EE104A00212878B8EE400A4C
:106A400080EE288AB0EE480A09F044F807466878D4
:106A5000B0EE480A002109F03DF80646A878B0EEED
:106A6000480A002109F036F802463146384600F05F
:106A70003DFA0A200BF0E6F9641C642CDAD90124F3
:106A800000E000241CB1AA7A697A287A02E0002288
:106A90001146104600F02AFA28690BF0D3F9002CB1
:106AA000EDD0EEE700004843348700202DED028B47
:106AB0000024DFED368A364D00EE104A002128789A
:106AC000B8EE400A80EE288AB0EE480A09F002F8D3
:106AD00007466878B0EE480A002108F0FBFF06463A
:106AE000A878B0EE480A002108F0F4FF02463146CB
:106AF000384600F0FBF90A200BF0A4F9641C642C62
:106B0000DAD900243EE000EE100AF8EE400A00EE6A
:106B1000104AB8EE401A81EE200ADFED1E0A20EE80
:106B2000200A10EE100AF9F7ADFD41EC100B06F04B
:106B30003FFE9FED191B51EC100B53EC112BF9F795
:106B400089FCF9F786FDA97AC0B211FB00F1FF2399
:106B5000B1FBF3F1CAB2697A11FB00F1B1FBF3F1B9
:106B60002E7AC9B216FB00F0B0FBF3F0C0B200F011
:106B7000BDF928694FF47A714843B0FBF1F00BF08E
:106B800061F9641CE868A042BBD3BCE7000048433D
:106B900034870020D00F49400000000000E06F4023
:106BA0002DED028B0025DFED238A234E2C4600EECF
:106BB000104A30780021B8EE400A80EE288AB0EE04
:106BC000480A08F087FF80467078B0EE480A002136
:106BD00008F080FF0746B078B0EE480A002108F0C0
:106BE00079FF02463946404600F080F90A200BF052
:106BF00029F9641C642CDAD94FF4AF774FF4FA68A2
:106C000000240BE095B1002595B1FF20002211462C
:106C100000F06CF938460BF015F9641CF068B4EB21
:106C2000400FEFD340460BF00DF9E9E70125EBE704
:106C30000020EBE700004843348700202DE9F041B5
:106C400000242DED028B1D4D2BE000EE100A297A59
:106C50002878F8EE400A00EE104AB8EE400A80EEBE
:106C6000208AB0EE480A08F035FF0746697A68784E
:106C7000B0EE480A08F02EFF0646A97AA878B0EED2
:106C8000480A08F027FF02463146384600F02EF940
:106C900028694FF47A714843B0FBF1F00BF0D2F859
:106CA000641CE868A042D0D2002028716861BDEC65
:106CB000028BBDE8F0410BF03DB9000034870020A5
:106CC000FEB501210220FFF7B3FD01214020FFF7AF
:106CD000C7FD01211020FFF7ABFD01210804FFF7DC
:106CE000CBFD01210220FFF7A3FD01214020FFF78A
:106CF000B7FDFF2009F01EFF42F20F7480B253254A
:106D00000094CDE90150144E144F022332469903EA
:106D1000384604F00DFEFF2009F00CFF80B2A721D9
:106D20000094CDE9011002230D4A40210D4804F0E2
:106D3000FFFDFF2009F0FEFE80B20094CDE9015076
:106D4000012332469903384604F0F2FDBDE8FE40C7
:106D50000020FEF777B80000001800400004024051
:106D60000040014000100240264B9879012805D0D0
:106D7000254890F8580028B302207047D879234955
:106D8000002210B1012805D002E08A60CA600A70B2
:106D900001207047D8681E4B984207DA8868401C6B
:106DA000C1E9020219280BD9012008E0984207DB4B
:106DB0008A60C868401CC8600A2801D9022008708F
:106DC0000020704713484FF07C52016891420EDB5F
:106DD000416891420BDB8168914208DBC1689142B6
:106DE00005DB0169914202DB4069904201DA032030
:106DF00070470648001D0078012801D00520704723
:106E000004207047F87F00204C870020B401002048
:106E10006666263FC40100202DED048B84B000245B
:106E20009FED2D8A9FED2D9A2D4D00EE104AFF21EA
:106E30002878B8EE400AC0EE098AB0EE680A08F079
:106E400049FE07466878B0EE680A002108F042FE65
:106E50000646A878B0EE680A002108F03BFE02461C
:106E60003146384600F042F80A200AF0EBFF641C75
:106E7000642CDAD9F6EE008A9FED1A9B4FF47A74EF
:106E80006A4601A902A8B0EE480AFDF7EDFB9DF89D
:106E900000209DF804109DF8080000F027F838EE57
:106EA000280A10EE100AF9F7EDFB41EC100BB0EEDA
:106EB000491AF0EE691A05F0D1FD51EC100BF9F703
:106EC0000DFC08EE100A28694FF47A714843B0FBB4
:106ED000F4F00AF0B7FFD3E70000000000004843D9
:106EE0003487002000000000008076402DE9F0414A
:106EF0000F4C002315460E4607465A1E19462068B9
:106F00000BF07EFB012810D12A4631463846FDF7AA
:106F1000FBFF084800231A460770467085702068FA
:106F2000BDE8F04119460BF06FBCBDE8F0810000F0
:106F30004C010020348700202DE9FC41164C074607
:106F40009846207915460E4604280BD1207AB8427F
:106F500008D1607AB04205D1A07AA84202D1216955
:106F6000414517D000F0F6F827726672A57200202E
:106F7000C4E90308042020710120E07006481621AE
:106F80001430CDE9001000234FF4807203A10648AD
:106F90000BF0E2FDBDE8FC8134870020426C696E95
:106FA0006B5461736B000000296A00082DE9FC41F5
:106FB000154C0746154620790E46012800D040B9E9
:106FC000207AB84205D1607AB04202D1A07AA842B4
:106FD00017D000F0BFF827726672A572FF20E0603C
:106FE0002320206101202071E07007481621143011
:106FF000CDE9001000234FF4007204A106480BF005
:10700000ABFDBDE8FC81000034870020466164656B
:107010005461736B000000003D6C000870B51446AD
:107020000D46064600F096F8074B002022461871E0
:107030000120D8701E725D729C7229463046BDE8F0
:107040007040FFF753BF0000348700207CB50D4C23
:1070500005462079052802D1E068A84210D000F04A
:1070600079F805202071074816211430E560CDE934
:10707000001000234FF4807203A107480BF06CFD51
:107080007CBD0000348700204572726F72546970B5
:10709000735461736B000000A16B00082DE9FC4183
:1070A000154C0746154620790E46032808D1207A4C
:1070B000B84205D1607AB04202D1A07AA84218D075
:1070C00000F048F827726672A5726420E0601E2006
:1070D0002061032020710120E07007481621143040
:1070E000CDE9001000234FF4807204A106480BF094
:1070F00033FDBDE8FC8100003487002042726561E9
:1071000074685461736B0000AD6A00081CB50C4CC8
:107110002079022813D000F01DF8022020710120F0
:10712000E0701420206104F114001621CDE9001054
:1071300000234FF4807203A105480BF00DFD1CBD28
:10714000348700205261696E626F775461736B00FF
:10715000196E000810B5044C6069002803D00AF0CD
:10716000E9FE0020606110BD348700200022114636
:107170001046FFF71BBF0000B0EE0C0A80ED0C0AB2
:107180009FED110A002180ED0B0A9FED100A0122EC
:1071900080ED070AB3EE040A80ED080A9FED0C0AA1
:1071A000C17080ED010A80ED020A80ED030A80EDD6
:1071B000040A80ED050A80ED060A817002704170B4
:1071C00032214163704700000000FA430AD7A33C14
:1071D00000000000002138B101280BD002280BD09C
:1071E00003280BD0002070474FF08042506A516254
:1071F00000B27047044A02E0044A00E0044A106802
:10720000116000B2704700002404004024080040D0
:10721000240C0040014951F8200070470000060886
:1072200070B52DED028B9FED548A544C4FF4FA65E6
:107230006E102A46314620680AF05CFC20602A461F
:10724000314660680AF056FC60602A463146A06804
:107250000AF050FCA0602A463146E0680AF04AFC79
:10726000E060D4E90032A168A3F2DC535B426FF026
:107270006304A2F2DC52A0F2DC50A1F2DC51A24283
:1072800002DD642A00DA0022A04202DD642800DA6E
:107290000020A14202DD642900DA0021A34202DDC0
:1072A000642B00DA002300EE101A354CB8EEC00A49
:1072B000D4ED0B0A30EE800ABDEEC00A10EE101AB3
:1072C000002900DA002100EE102A9FED2E1A40421C
:1072D000F8EEC00A00EE101A04F10405B8EEC00A78
:1072E00060EE800A80EE810A00EE900AF8EEE01A65
:1072F00000EE901AF8EEE00A61EEA01AC1EE810AE3
:1073000001EE903AB5EEC00AB8EEE12AC2EE011ADB
:1073100021EE882A01EE901AF8EEE11AC1EE812AD8
:1073200022EE221AF1EE10FA85EC030A03D2B1EE36
:10733000411A84ED031A9FED141A1449C0EE011A84
:1073400080EE810AC4ED011A84ED020AC87848B1C2
:107350009FED0F0A401E84ED010A84ED020A84EDC0
:10736000030AC870241D94EC030ABDEC028BBDE82F
:107370007040FBF7A3BC0000DB0F493FBC8400203A
:10738000A88700200000FA4300007A447001002022
:10739000000000002DE9F043012187B00846FFF707
:1073A0006BFA01211020FFF743FA01211020FFF7AB
:1073B0003FFA01211020FFF73BFA01211020FFF7CF
:1073C00037FA494D4FF4007421462846FBF7D6FEA4
:1073D000A70039462846FBF7D1FE4FF40058414636
:1073E0002846FBF7CBFE4FF4804949462846FBF779
:1073F000C5FE3E4E214632462846FBF7EBFF32469D
:1074000039462846FBF7E6FF324641462846FBF759
:10741000E1FF324649462846FBF7DCFF42F20F7097
:107420000490A720ADF80C000024ADF81440ADF88E
:107430000E4003A9304601F0C3FB01250F20ADF833
:107440000040ADF80450ADF80800ADF80240ADF8CA
:1074500006406946304601F0EFF90420ADF800001F
:10746000ADF80450ADF80240ADF80640ADF8084064
:107470006946304601F0E0F90820ADF80000ADF8AB
:107480000450ADF80240ADF80640ADF8084069463A
:10749000304601F0D1F90C20ADF80000ADF80450F1
:1074A000ADF80240ADF80640ADF8084069463046F8
:1074B00001F0C2F91B208DF8180005208DF8190085
:1074C0008DF81A408DF81B5006A8FDF76FFF0122BA
:1074D0001E21304601F00EFA0121304601F06AF912
:1074E00007B0BDE8F083000000100240000001403A
:1074F00040F2DC514FF47A720160C0E90112C160C0
:1075000000210182704700001FB5DFF8E493F94FB6
:10751000F94D4FF4FA7420460AF094FC28780028BC
:10752000F9D0DFF8D8A30FF2D83BF7A003909AF870
:107530000000224600284FF00301584610D0F9F70A
:10754000BBFE02200AF07EFCF048C2788178CDE9CB
:10755000001243780278EEA1F24805F027F808E01F
:10756000F9F7AAFE02200AF06DFCEFA1ED4805F044
:107570001DF8EC48F8F7B2FE81B2EA4809F0C4FA07
:1075800002200AF05FFC224602210398F9F794FEDC
:1075900020460AF057FC99F858004E4690B1E6A2F2
:1075A000EBA1E04805F002F8DE48F8F797FE81B25B
:1075B000DC4809F0A9FA20460AF044FC28780028A3
:1075C000A9D002E028780028A5D0224603215846F9
:1075D000F9F772FEDFA1D34804F0E8FFD148F8F7CD
:1075E0007DFE81B2CF4809F08FFA96F84820DCA1E1
:1075F000CC4804F0DBFFCB48F8F770FE81B2C948F5
:1076000009F082FADDA1C74804F0D0FFC548F8F7B9
:1076100065FE81B2C34809F077FA387807F0D8FFE1
:107620000146C04804F0C2FFBE48F8F757FE81B2D9
:10763000BC4809F069FAC9A1BA4804F0B7FFB948D3
:10764000F8F74CFE81B2B74809F05EFAF06CF9F732
:1076500019F841EC100BCDA153EC102BB14804F0FC
:10766000A5FFB048F8F73AFEC00701D0CDA100E071
:10767000BAA1AC48F8F726FEAA48F8F72FFE81B267
:10768000A84809F041FAC8A1A64804F08FFFA54810
:10769000F8F724FE81B2A34809F036FAC648D0F8BC
:1076A0001002002869D0C5A19E4804F07FFF9D48C4
:1076B000F8F714FE81B29B4809F026FAC1A1994857
:1076C00004F074FF9748F8F709FE81B2954809F075
:1076D0001BFADFF8008398F8010000284FD0BEA104
:1076E000904804F063FF8F48F8F7F8FD81B28D48A9
:1076F00009F00AFABAA18B4804F058FF8948F8F754
:10770000EDFD81B2874809F0FFF9787A002838D07A
:10771000B8A1844804F04AFF8248F8F7DFFD81B23F
:10772000804809F0F1F9B6A17E4804F03FFF7D489A
:10773000F8F7D4FD81B27B4809F0E6F9B54EB0798F
:1077400008B3B5A1774804F031FF7648F8F7C6FDD5
:1077500081B2744809F0D8F9B1A1724804F026FF4B
:107760007048F8F7BBFD81B26E4809F0CDF998F882
:107770000000410709D5AEA11AE0AFA194E7B0A17E
:10778000AEE7B1A1C5E7B3A1DCE7010701D5B3A11D
:107790000EE0810701D5B4A10AE0C10701D0B4A170
:1077A00006E0C10601D5B4A102E0800603D5B4A16C
:1077B0005C4804F0FBFE5B48F8F790FD81B2594845
:1077C00009F0A2F902200AF03DFB224602210398AB
:1077D000F9F772FD40F2DC5840460AF033FB287896
:1077E00000283FF498AE224603215846F9F764FD7D
:1077F000A6A14C4804F0DAFE4A48F8F76FFD81B2C2
:10780000484809F081F9387A00284AD0A4A14548AF
:1078100004F0CCFE4348F8F761FD81B2414809F01D
:1078200073F9387A012841D0A1A13E4804F0BEFE88
:107830003C48F8F753FD81B23A4809F065F99EA13A
:10784000384804F0B3FE3748F8F748FD81B23548B0
:1078500009F05AF9F07901282AD09BA1314804F0A7
:10786000A5FE3048F8F73AFD81B22E4809F04CF9F0
:10787000D6ED030A9FED971A80EE810A10EE100AEA
:10788000F8F700FF41EC100B93A153EC102B2548A7
:1078900004F08CFE2348F8F721FDC0070AD041A16F
:1078A00009E093A11F4804F081FE50E195A1BCE7D7
:1078B00096A1D3E729A11B48F8F704FD1948F8F76A
:1078C0000DFD81B2174809F01FF97078B278F17890
:1078D0008DE80700337832798FA1124804F066FEF4
:1078E0001048F8F7FBFCC00701D02EA12CE129E1DC
:1078F0004C870020187E0020E1010020E0010020DC
:107900007B230D0A000000007D240000F001002010
:1079100049503A25642E25642E25642E25640D0ACF
:1079200000000000F88A002049503A756E6B6E6FB7
:10793000772E0D0A000000007B23D0A1B3B5B5E778
:10794000C1BFB5CDA3ACC7EBB3E4B5E77D24000060
:1079500025730000D0A1B3B5D7B4CCAC0D0A00009C
:1079600020202020B5B1C7B0B3B5D0CDA3BA4469AB
:107970006666A3AC253032640D0A0000202020206A
:1079800043353043B0E6B1BEA3BA0000202020202A
:10799000B5B1C7B0B5E7D1B9A3BA252E3266205626
:1079A00000000000200D0A0020202020BCB1CDA343
:1079B000BFAAB9D8A3BA000000004242B5AFC6F0D2
:1079C0000D0A000020202020CAB9C4DCD7B4CCACFA
:1079D000A3BA0000A8870020CAA7C4DC0D0A0000D3
:1079E00020202020B3ACC9F9B2A8B4ABB8D0C6F7F8
:1079F000A3BA0000C9E8B1B8B4E6D4DA0D0A0000B1
:107A000020202020D7D4B6AFBBD8B3E4C4A3CABDCE
:107A1000A3BA0000F87F0020C6F4D3C30D0A00000B
:107A200020202020BFD8D6C6B7BDCABDA3BA00004B
:107A3000204150500D0A0000B0B4CFC20D0A000022
:107A4000CAB9C4DC0D0A0000CEDEC9E8B1B80D0A1F
:107A500000000000B9D8B1D50D0A000020522D4316
:107A6000BABDC4A30D0A0000505332200D0A000015
:107A7000524F53200D0A00002043414E0D0A0000D2
:107A8000B4AEBFDA31200D0A00000000D7D4B6AF83
:107A9000BBD8B3E4C9E8B1B8D7B4CCAC0D0A000088
:107AA00020202020D4DACFDFD7B4CCACA3BA00009A
:107AB000C0EBCFDF0D0A000020202020B3E4B5E7A3
:107AC000D7B4CCACA3BA0000CEB4B3E4B5E70D0A8A
:107AD0000000000000007A4420202020B2E2C1BF54
:107AE000B5E7C1F7D6B5A3BA252E3266410000002E
:107AF00020202020C9E8B1B8D2D1C0EBCFDF0D0AD9
:107B000000000000D4DACFDF0D0A0000B3E4B5E7CF
:107B1000D6D00D0A0000000020202020BAECCDE2D3
:107B2000D0C5BAC5D7B4CCACA3BA256420B8F6D0BA
:107B3000C5BAC5A3AC25642025642025642025642E
:107B400020000000AFF2EC110C48F8F7BBFB0B482B
:107B5000F8F7C4FB81B2094808F0D6FF02200AF00A
:107B600071F9224602210398F9F7A6FB40460AF074
:107B700069F9287800287FF4D6ACCCE4F88A002094
:107B800038B5114C1148D4ED060A94ED070AFDF7FB
:107B900092F820620D48D4ED090A94ED0A0A1430D7
:107BA000FDF789F8E062014694F848200020012A98
:107BB000009001D8206A02E0206A49424042002336
:107BC0001A4600F0EFF938BD4C870020F8870020F6
:107BD000134B10B5A3F120020024D17A4C2858543D
:107BE00000D0B9B1491CC8B2D072042811D1D472E6
:107BF00018784C280DD158784F280AD19878472802
:107C000007D1D878312807D0322805D0332803D0BF
:107C1000547010BDD47210BD0120507010BD000012
:107C2000000200200E4B80B283ED000A9FED0D0A8A
:107C300083ED010A9FED0C0AC3ED030A988221EE41
:107C4000000A800083ED020A00EE100AB8EE400A36
:107C500020EE200A83ED040AC3E9141270470000E5
:107C60004C87002000000000DB0F494070B56148E0
:107C7000B0F9201000EE101AF8EEC00A9FED5E1A5F
:107C8000B0F9220080EE810A00EE900AF8EEE01AC8
:107C9000C1EE810AB5EEC00AF1EE10FA02DD30EE57
:107CA000C00A01E030EE800A544B01210025D3EDDB
:107CB000060A534E534CF5EEC00A4FF4FA72F1EE39
:107CC00010FA14D1D3ED090AF5EEC00AF1EE10FA5C
:107CD0000DD1D3ED0C0AF5EEC00AF1EE10FA06D183
:107CE000D3ED0F0AF5EEC00AF1EE10FA04D02170C0
:107CF00065806571257115E02078012812D16088B2
:107D0000401C80B2608090420CD310EE100A2570A7
:107D10006580B04202DD2171657103E0607940F059
:107D2000800060716079C00926D010EE100AB04260
:107D300022DD186A002800DA4042904211DCD86A3D
:107D4000002800DA404290420BDC986B002800DAF1
:107D50004042904205DC586C002800DA40429042D4
:107D60000ADD6088401C80B26080B0F57A7F03D362
:107D700065802171657102E0207901282CD12248AB
:107D8000FEF7B2F90128607927D020F00100607178
:107D90001D481430FEF7A8F90128607920D020F0A2
:107DA0000200607118482830FEF79EF901286079BA
:107DB00019D020F00400607113483C30FEF794F9AC
:107DC0000128607912D020F008006071C0B20F283D
:107DD00002D125718F20607170BD40F00100D6E79F
:107DE00040F00200DDE740F00400E4E740F0080066
:107DF000EBE7000048880020E1FAD0444C870020DF
:107E0000CDCC0C4194010020F887002010B540F241
:107E1000C7140A210C20FBF74BFDB0FBF4F21C4801
:107E20009FED1C0A9FED1C1A80F84820DFED1B1AFD
:107E3000DFED1B0A9FED1B2A4FF496714FF4FA7089
:107E4000062A23D2DFE802F003090F13171B0A46A4
:107E5000B4EE001AF3EE0B0A14E00A46B4EE001A70
:107E6000DFED110A0EE00A46F3EE020A00E00A46D0
:107E7000B0EE610A06E00A46F3EE020A00E00A46A6
:107E8000B0EE420ABDE81040FFF7CCBE10BD0000C6
:107E90004C870020B072A83E4A0C823E21B0123FAF
:107EA00000003C4248E11A3F00004C4210B58A07EE
:107EB00021F003040849120F21440F23D1F8084888
:107EC00093409C43C1F80848D1F8083890400343D8
:107ED000C1F8083810BD0000003001400122427096
:107EE000002101704160017241728272828170478B
:107EF0000CB50022274900920192086840F48030B6
:107F000008604FF4A043086800F400300190009826
:107F1000401C0090019810B900989842F3D108686D
:107F2000800334D5012001901A484030026842F0A5
:107F3000805202601848026842F4404202601548CC
:107F4000083002680260026842F40042026002687F
:107F500042F4A0520260031F104A1A600A6842F0FD
:107F600080720A600A689201FCD50D4940F20572E0
:107F70000A60016821F003010160016841F002011B
:107F800001600168C1F381010229FAD10CBD01929F
:107F90000CBD00000038024000700040085440074B
:107FA000003C024070B5002201231B4D002804DA7A
:107FB000C5F8B432C5F8B02203E0C5F8B422C5F85C
:107FC000B032164C164E2478012C09D0022C17D34F
:107FD000144C002910DDC6F88032C4F8BC220FE032
:107FE000002904DDC6F88032C5F8B82208E0C6F8DA
:107FF0008022C5F8B83203E0C6F88022C4F8BC324B
:10800000002800DA4042084A1060002900DA49429C
:108010000548001F016070BD00804042187E0020AE
:1080200000004142000042424004014010B5104CA3
:10803000002800DD2065002900DD6165D4E9141207
:108040000C48FEF77DF80B48D4E914121430FEF703
:1080500077F80848D4E914122830FEF771F8D4E90B
:1080600014120448BDE810403C30FEF769B8000027
:108070004C870020F887002038B50446FDF7E8F962
:10808000002122460846FDF70DFC0EA21421002017
:10809000FDF708FC0D4C0C200090A268052314216C
:1080A0003020FDF7BFFB0AA228210020FDF7FAFBD4
:1080B000206E401C2066FDF711FB606E401C606660
:1080C00038BD000053544147453A0000287E002047
:1080D00057415443482044494147000070B5064683
:1080E000D0F8800990B04021C4696846F8F7DFF8FD
:1080F00080208DF8000001208DF8010023784022B7
:108100006946304602F025FA0028F7D1642001F0D4
:108110003CFC02258DF80150237840226946304608
:1081200002F017FA0028F7D1642001F02EFC03209A
:108130008DF80100237840226946304602F009FAA2
:108140000028F7D1642001F020FC8DF8015023783D
:1081500040226946304602F0FCF90028F7D164203D
:1081600001F013FC04208DF80100237840226946B9
:10817000304602F0EEF90028F7D1642001F005FC4A
:1081800010B070BD4FF0E0210428086903D020F042
:1081900004000861704740F00400FAE710B50AF0E7
:1081A00007FD012803D0BDE810400AF0CFB910BD8B
:1081B000034AC2F88400C2F88010202000F046F87C
:1081C000287E0020184941F88C0F18480068486044
:1081D00017480068886017480068C860164800683B
:1081E00008611648006848611548006888611548AC
:1081F0000068C861144800680862EFF308804862AC
:10820000EFF309808862EFF30580C862EFF3148012
:1082100008634FF4807000F077F84FF4704000F07E
:108220007DF800F08DF80000287E002028ED00E0A9
:108230002CED00E030ED00E03CED00E034ED00E03E
:1082400038ED00E004ED00E024ED00E000F05CF823
:108250004FF4604000F062F800F072F8114810B579
:108260000468C0211048F8F722F80F480F49016050
:1082700044604FF0FF314165016541678167FEF75A
:1082800013FB0B48016841F4E021016008481038F5
:10829000016841F010010160BDE810404FF48070AA
:1082A00000F03CB874380240287E00204741494421
:1082B00024ED00E030B500281DD00F490968C9063B
:1082C00019D50E4A9189890415D50D4D0378002BD7
:1082D00011D0294601E0491E05D014882406FAD59C
:1082E0009380401CF2E70748C16F491CC167416B8E
:1082F00041F40061416330BD443802400010014048
:10830000A0860100287E002003494A6B02434A638D
:10831000BFF34F8F70470000287E002007498A680E
:10832000CA6088600A6902F0070201EB82025061AC
:108330000869401C0861BFF34F8F7047287E0020FA
:1083400072B630480068800717D52F48018821F49D
:10835000004101802C490020243908802A49103925
:108360000860091D0860091D0860091D086026488D
:108370004438018821F00101018022481438016845
:10838000490717D5214A41F2C13111801F491639D9
:108390000A6822F470720A601C490E390A6822F4D5
:1083A0007F220A6019491A390A6822F47F2242F4AE
:1083B000AA220A600168C90703D015494FF48072E8
:1083C0004A830168890703D5124A4FF4E0411180BE
:1083D0000168090703D5104A4FF4A05111800068C5
:1083E000C00603D50D494FF400404883BFF34F8FBB
:1083F000BFF36F8F0A480068C00700D000BE00BFFF
:10840000FDE7000044380240440401401A080240DD
:10841000000002401A0402401A0C02400010024000
:10842000F0ED00E0124810B5016841F47001016000
:108430001048016841F0010101600E4A0021083234
:10844000116002680C4B1A400260031D0B4A1A604F
:10845000026822F48022026006480C300160FFF7B7
:1084600047FD03494FF000608039086010BD0000EF
:1084700088ED00E000380240FFFFF6FE10300024D7
:1084800070B5048C24F001040484058B048C4FF631
:10849000FF7606EA0313134325F0F3052B4324F07C
:1084A0000A020A4342F001010383018470BDF0B562
:1084B000048C24F010040484078B068C4FF6FF74A0
:1084C00004EA011527F4734704EA0331394304EA47
:1084D00002220A4326F0A001294341F01001028341
:1084E0000184F0BD2DE9F05FA44D0024A44A686822
:1084F000B0F5C86F14DD288A0A2811D2A14B18786C
:1085000001070DD4A0494968B1F57A7F08DB118BCA
:10851000491C89B21183FA2903D90820187000E098
:1085200014831078994FDFF868829246000642F271
:108530000F764FF4FA7936D40221384600F070F9FC
:1085400088B30221384600F032F99AF8000040065C
:10855000384646D500F05CF980B2AAF80A00BAF8AD
:1085600008305246984201D2314600E00021C01A3C
:1085700008442860D8F80030C01A00D54042484569
:1085800007DD1179491CC9B21171052901D82B6089
:1085900000E014712868C8F800008AF80040002143
:1085A000384600F0DFF99AF80100000644D40421AF
:1085B000384600F035F9A0B30421384600F0F7F84A
:1085C0009AF801004006384655D500F023F980B2EC
:1085D000AAF80E00BAF80C30524698420ED2314634
:1085E0000DE000F015F90146AAF808109AF80010FD
:1085F00041F040018AF800100221D1E70021C01AA1
:1086000008446860D8F80430C01A00D54042484594
:1086100008DD5179491CC9B25171052902D86B6036
:1086200001E009E054716868C8F804008AF8014064
:108630000021384600F0E2F99AF80200000646D41C
:108640000821384600F0ECF8B0B32C8208213846F7
:1086500000F0ADF89AF802004006384667D500F001
:10866000DBF883B2AAF81230BAF810C0524663455C
:108670000ED231460DE000F0CDF80146AAF80C10FC
:108680009AF8011041F040018AF801100221D0E768
:108690000021A3EB0C000144A960D8F80830C91AE6
:1086A00000D54942494508DD9179491CC9B291710B
:1086B000052902D8AB6001E009E09471A868C8F808
:1086C00008008AF802400021384600F0E9F99AF8DB
:1086D0000300D34600064ED41021384600F0A0F81F
:1086E000002848D01021BA46384600F060F89BF8C0
:1086F00003005F46400632D5504600F08FF880B246
:10870000F882B98A884200D30026401A3044E860D3
:10871000D8F80C10401A00D54042484514DDF879CD
:10872000401CC0B2F87105280ED8E9600DE000F0D9
:1087300073F80146AAF810109AF8021041F04001AF
:108740008AF802100221BFE7FC71E868C8F80C0043
:10875000FC7000215046BDE8F05F00F0E1B95446DE
:10876000504600F05BF8B882F878022140F04000F3
:10877000F8702046EFE7BDE8F09F0000BC840020C1
:1087800022020020A8870020187E0020000001405F
:10879000E48A00200029018802D041F0800101E034
:1087A00021F0800101807047C94301827047C943AD
:1087B000018270470029018802D041F0010101E0E7
:1087C00021F0010101807047002930F8441F02D0D8
:1087D00041F4004101E0C1F30E010180704770B522
:1087E0000589048B068C25F007050D434FF6FC41E7
:1087F0000C4040F201110C434FF6FF7101EA0311E6
:1088000026F022061143314305810483018470BDA3
:10881000406B7047806B7047C06B7047006C70474F
:1088200002460020138A92890B4202EA010202D01A
:10883000002A00D0012070472DE9F0410C460E8837
:108840004988A2882389054616B3042E28D0082E0D
:108850002E8C4FF6FF702BD026F480562E84AF8BD3
:108860002E8C00EA022200EA013127F473473A43D2
:1088700000EA0330104326F420420A4342F48051B8
:10888000A8832984E1882846BDE8F04100F08CB92E
:10889000FFF7F6FDE1882846BDE8F04100F068B931
:1088A000FFF705FEE1882846BDE8F04100F068B911
:1088B00026F480762E84AF8B2E8C00EA012100EA0C
:1088C0000310104327F0F307384326F420620A43CD
:1088D00042F48071A8832984E1882846BDE8F041EC
:1088E00000F05AB900210180418001228280C180BC
:1088F00001817047002A828901D00A4300E08A433F
:108900008281704730B5028C22F001020284028C11
:108910008388048B22F0020224F073050C882C4318
:108920008D8915434A882A430C4DA84202D00C4D2C
:10893000A8420DD122F00805CA8923F440732A43C6
:1089400022F004058A882A430D8A1D434B8A2B4353
:108950008380048389684163028430BD0000014044
:1089600000040140028C22F002020A430284704794
:10897000028B22F008020A430283704770B5028C12
:1089800022F010020284028C8388048B0D8824F468
:10899000E6464FF6FF7404EA052535438E8922F03A
:1089A000200204EA061616434A8804EA02123243F9
:1089B000104EB04202D0104EB04215D122F08006C7
:1089C000CA8923F4406304EA0212324322F04006CB
:1089D0008A8804EA021232430E8A04EA86061E439B
:1089E0004B8A04EA83033343838005838968816368
:1089F000028470BD0000014000040140028C4FF66B
:108A0000FF7322F0200203EA011111430184704731
:108A1000028B4FF6FF7322F4006203EA0121114337
:108A20000183704770B5028C22F480720284028C3C
:108A30008388848B0D8824F0730425438E894FF638
:108A4000FF7422F4007204EA062616434A8804EAF8
:108A500002223243104EB04202D0104EB04215D125
:108A600022F40066CA8923F4405304EA0222324306
:108A700022F480668A8804EA022232430E8A04EADB
:108A800006161E434B8A04EA03133343838085830F
:108A90008968C163028470BD000001400004014088
:108AA000028C4FF6FF7322F4007203EA0121114396
:108AB00001847047828B22F008020A438283704748
:108AC00070B5028C22F480520284058C8288838BDC
:108AD0000C8823F4E6464FF6FF7303EA042434437C
:108AE00025F400568D8903EA053535434E8803EA9F
:108AF00006362E43084DA84202D0084DA84205D1A3
:108B000022F480450A8A03EA82122A4382808483FF
:108B100089680164068470BD0000014000040140C2
:108B2000028C4FF6FF7322F4005203EA0131114325
:108B300001847047828B4FF6FF7322F4006203EAD0
:108B40000121114381837047002101804180818090
:108B500081608181C1810182418270474163704798
:108B600081637047C1637047016470474162704719
:108B7000028B22F00C020283028B0A4302837047AD
:108B8000028B22F440620283028B4FF6FF7303EAEA
:108B900001210A4302837047828B22F00C028283F8
:108BA000828B0A4382837047828B22F440628283E5
:108BB000828B4FF6FF7303EA01210A4382837047D9
:108BC00030B50288164C174DA0420DD0A8420BD0EC
:108BD000B0F1804F08D0144B984205D0134B984207
:108BE00002D0134B984203D122F070034A881A43F3
:108BF000104B984206D0104B984203D022F4407399
:108C00000A891A4302804A68C2620A880285A04221
:108C100001D0A84201D1897A01860121818230BD2B
:108C20000000014000040140000400400008004032
:108C3000000C004000100040001400404FF0FF31D5
:108C400041600021018001814180817270470000F4
:108C50002DE9FF4F8BB01E4614460F4605A8DDF8E0
:108C600060B0FAF7A8FB07A8FFF7E8FF6846FFF730
:108C70006BFF002127FA01F0C00703D1491CC9B2DC
:108C80001029F7D3DFF84C81DFF84C91DFF84CA1C5
:108C900044450DD0B4F1804F0AD05148844205D0EC
:108CA0005048844202D05048844203D1022517E044
:108CB000012515E04C4507D0544505D04B4884426A
:108CC00002D04B48844201D1032509E0494884423F
:108CD00005D04948844202D04848844200D1092541
:108CE0002A460B98FAF74EFB02208DF81800032055
:108CF00005978DF8190000258DF81A5001278DF879
:108D00001B7005A90B98FAF783FA1998ADF81C00A7
:108D1000CDF820B0ADF82450ADF81E5007A920467C
:108D2000FFF74EFF6020ADF80000ADF80270ADF81F
:108D30000C50012E06D0022E11D0032E1CD0042E72
:108D400027D032E069462046FFF7DCFD08212046A7
:108D5000FFF70EFE20461A99FFF700FF25E069464F
:108D60002046FFF70BFE08212046FFF751FE204664
:108D70001A99FFF7F5FE18E069462046FFF752FE04
:108D800008212046FFF796FE20461A99FFF7EAFED3
:108D90000BE069462046FFF793FE08212046FFF7C7
:108DA000C9FE20461A99FFF7DFFE444503D04C4523
:108DB00001D0544503D101212046FFF705FD0121D3
:108DC0002046FFF7E7FC01212046FFF7F3FC0FB038
:108DD000BDE8F08F00000140000401400040014068
:108DE0000004004000080040000C00400044014026
:108DF0000048014000180040001C004000200040D6
:108E00002DE9F04188B00C46ADF81430012700255B
:108E100080460E9E0692ADF81C70ADF8165005A95E
:108E2000FFF7CEFE6020ADF800007802ADF80270CA
:108E30000295ADF80C50ADF81200012C06D0022CB2
:108E400011D0032C1CD0042C27D032E069464046B8
:108E5000FFF758FD08214046FFF78AFD314640469E
:108E6000FFF77CFE25E069464046FFF787FD0821B5
:108E70004046FFF7CDFD31464046FFF771FE18E052
:108E800069464046FFF7CEFD08214046FFF712FE37
:108E900031464046FFF766FE0BE069464046FFF765
:108EA0000FFE08214046FFF745FE31464046FFF7DA
:108EB0005BFE01214046FFF76DFC01214046FFF7B4
:108EC00079FC08B0BDE8F0811849194A0020C96C46
:108ED000914203DA1749897901B901201649D1F87D
:108EE000101201B9012015490978012900D101208A
:108EF0001249134A3839CB78012B01D010B112E056
:108F0000012010E09378012B0DD19FED0E0A81ED29
:108F1000010A81ED020A81ED030A81ED040A81ED67
:108F2000050A81ED060A9070704700004C8700200A
:108F30000000A041F87F002000004242E0870020AE
:108F400070010020000000002DE9F0418046012161
:108F500088B00846FDF76CFC01210846FDF768FC67
:108F600001211020FDF788FC2A4F072209213846ED
:108F7000FAF708FA07220A213846FAF703FA022517
:108F80008DF80450002478158DF8064000908DF877
:108F9000055001268DF8076069463846FAF738F91A
:108FA0008DF8045068028DF8064000908DF8055049
:108FB0008DF8076069463846FAF72AF925208DF8BA
:108FC000180004208DF819008DF81A408DF81B60E8
:108FD00006A8FCF7EBF9ADF80C40ADF80E40ADF883
:108FE0001040ADF814400C200B4CADF81200CDF839
:108FF000088002A9204600F0C5FB012240F225515D
:10900000204600F0A6FB0121204600F079FB08B0C5
:10901000BDE8F08100000240001001402DE9F04160
:10902000804688B001210820FDF702FC01210820BC
:10903000FDF7FEFB01214804FDF712FC2A4F072231
:1090400005213846FAF79EF9072206213846FAF735
:1090500099F902258DF80450002420208DF806404F
:1090600000908DF8055001268DF807606946384656
:10907000FAF7CEF88DF8045040208DF806400090A5
:109080008DF805508DF8076069463846FAF7C0F844
:1090900026208DF8180005208DF819008DF81A404B
:1090A0008DF81B6006A8FCF781F9ADF80C40ADF80F
:1090B0000E40ADF81040ADF814400C200B4CADF84C
:1090C0001200CDF8088002A9204600F05BFB0122C7
:1090D00040F22551204600F03CFB0121204600F0E3
:1090E0000FFB08B0BDE8F081000C024000440040D6
:1090F0002DE9F041804688B001210220FDF798FB60
:1091000001210220FDF794FB01218804FDF7A8FB53
:109110002A4F07220A213846FAF734F907220B2191
:109120003846FAF72FF902258DF804500024381537
:109130008DF8064000908DF8055001268DF80760E7
:1091400069463846FAF764F88DF80450A8028DF89D
:10915000064000908DF805508DF807606946384646
:10916000FAF756F827208DF818008DF819408DF879
:109170001A408DF81B6006A8FCF718F9ADF80C40F2
:10918000ADF80E40ADF81040ADF814400C200C4C7A
:10919000ADF81200CDF8088002A9204600F0F2FADE
:1091A000012240F22551204600F0D3FA0121204649
:1091B00000F0A6FA08B0BDE8F0810000000402400B
:1091C000004800402DE9F04F40F225512DED068B6F
:1091D00089B0D84800F09EFA002872D0D548001D0A
:1091E0000488E0B203F09EF9D3484068B0F57A7F76
:1091F00067DBE0B2FEF7ECFCE0B2F7F72FFF28B137
:10920000012009B0BDEC068BBDE8F08FCB4FCC4EF2
:10921000412C07D17879412804D13078410701D415
:1092200004203070E0B20222C64D78714FF0000A7F
:109230004FF001094B2C08D0492C09D04A2C07D0FB
:10924000297839B101290DD01DE085F800900DE095
:1092500085F800A0A4F14101072929D9082C10DCC8
:10926000687010E0432C08D0472C08D085F804A083
:10927000412C1DD0452C1BD003E02A7101E085F85C
:10928000049085F801A09FEDB00ADFF8C082DFED01
:10929000B08A9FEDB0AA582C0ED0592C12D07B2C3E
:1092A00017D07D2C18D0622C18D06D2C1ED027E042
:1092B000A4F140016970E6E7D6ED0B0A30EE800AB2
:1092C00004E035E1D6ED0B0A30EEC00A86ED0B0A5C
:1092D00016E087F8029019E0BA701DE09E4A917975
:1092E00011B1002191710BE00121FBE79B4A11783C
:1092F000491CC9B21170D378994201D982F8009003
:10930000B978012902D0022906D000E1F97808F8DD
:109310000100491CF970FAE098F8030050280AD0BF
:1093200057280BD098F80100DFF834B2232871D009
:10933000F87838712DE085F80390DCE085F802902C
:10934000D9E0F978081AF7F766F941EC110B9FEDAF
:10935000850B03F005FC3C79B0EE409A08EB040065
:10936000F0EE609A10F8010C3038F7F754F953EC2E
:10937000192BF7F76FF841EC190BF869F7F782F939
:1093800053EC192BF6F7BFFFF7F7A8F9641EF86145
:109390003C7138790428D4D298F801104FF0FF308E
:1093A000303909290AD2DFE801F0050A121B222709
:1093B0002E363D0097ED070A86ED0B0A9BE097EDF0
:1093C000070A0146BDEEC00A10EE100A05E097ED4F
:1093D000070ABDEEC00A10EE101AFEF727FE8AE05B
:1093E00097ED070AC0EE280AC6ED070A83E097ED5D
:1093F000070A86ED080A7EE097ED070ABDEEC00A6F
:109400008BED020A77E097ED070ABDEEC00A8BEDFF
:10941000030A70E00DE097ED070ABDEEC00A8BED80
:10942000010A68E097ED070ABCEEC00A86ED0D0A56
:1094300061E0F978002032295DD87D2208F801200A
:1094400000216C46F2EE040A18E0A2F13003092B69
:1094500008D800EE103AB8EEC00A08EE200AB0EEC6
:10946000408A09E03A2A07D104EB8002401C82EDD1
:10947000008AC0B2B0EE4A8A491CC9B218F801206D
:109480007D2AE2D104EB800080ED008A9DED000A88
:1094900086ED0B0A9DED020ABDEEC00A10EE101A11
:1094A0009DED010ABDEEC00A10EE100AFEF7BEFDEA
:1094B0009DED030AC0EE280AC6ED070A9DED040AD9
:1094C00086ED080A9DED050ABDEEC00A8BED020A85
:1094D0009DED060ABDEEC00A8BED030A9DED070A5D
:1094E000BDEEC00A8BED010A9DED080ABCEEC00A74
:1094F00086ED0D0A1FE787F802A087F803A087F81A
:1095000004A087ED07AA32211048F6F7D0FE96EDA9
:109510000C0AF0EE4A0A20EE281A96ED0B0A08F023
:10952000D9FA86ED0B0A706B642800D96420706349
:10953000002066E6004C0040187E0020E00100207C
:10954000A8870020E50000200000C842788A00209B
:1095500000007A4400000000F87F0020B0010020E5
:10956000E87F002000000000000024402DE9F041C9
:10957000804688B001210420FDF75AF9012104201A
:10958000FDF756F90121C804FDF76AF92A4F0822B0
:109590000A213846F9F7F6FE08220B213846F9F77A
:1095A000F1FE02258DF80450002438158DF8064090
:1095B00000908DF8055001268DF807606946384601
:1095C000F9F726FE8DF80450A8028DF806400090A9
:1095D0008DF805508DF8076069463846F9F718FE92
:1095E00034208DF8180003208DF819008DF81A40EA
:1095F0008DF81B6006A8FBF7D9FEADF80C40ADF85E
:109600000E40ADF81040ADF814400C200B4CADF8F6
:109610001200CDF8088002A9204600F0B3F801221C
:1096200040F22551204600F094F80121204600F038
:1096300067F808B0BDE8F08100080240004C004027
:1096400030B50A4B0A4C1A4601E0521E0AD0058872
:109650002D06FAD5818001E05B1E03D00188490602
:10966000FAD530BD2068401C206030BDA0860100C6
:10967000A800002010B50A4C40F22551204600F009
:1096800049F858B1204600F0D3F8C1B20548406807
:10969000B0F57A7F02DB204601F0F2FF002010BD1A
:1096A00000100140187E002010B5074C40F22551F3
:1096B000204600F02FF828B1204600F0B9F8C0B2DB
:1096C000F8F7F4FD002010BD0044004010B50A4C2E
:1096D00040F22551204600F01DF858B1204600F018
:1096E000A7F8C1B205484068B0F57A7F02DB204692
:1096F00001F0C6FF002010BD00480040187E002089
:109700000029818902D041F4005101E021F4005187
:109710008181704770B501F01F0501260024C1F357
:10972000421306FA05F2012B0FD0022B0FD0838AC9
:109730004FEA11210088134206FA01F600EA0600FA
:1097400001D000B10124204670BD8389F0E7038A6F
:10975000EEE710B5C1F3421301F01F040121A1404F
:10976000012B07D0022B07D01430002A026805D045
:109770000A4304E00C30F8E71030F6E78A43026051
:1097800010BD00007FB50446008A0D46C98820F44C
:10979000405001432182A08941F20C618843A9888D
:1097A0002A8911436A8902431143A181A08A20F4C6
:1097B0004071A8890843A0826846FDF77DF81A48E1
:1097C000844202D01948844201D1039800E00298F3
:1097D000A189090400EBC00101EB0010296801D543
:1097E000490000E08900B0FBF1F06422B0FBF2F127
:1097F00009010B096FF018056B4300EB8300A38987
:109800001D044FF0320306D503EBC000B0FBF2F0AD
:1098100000F0070005E003EB0010B0FBF2F000F0F1
:109820000F00084320817FBD00100140001401405B
:109830008088C0F308007047074A01E0521E05D037
:1098400003885B06FAD581800120704703480168D0
:10985000491C016000207047A0860100A80000207C
:1098600030B5034600224FF6FF7403EB8205B5F8CE
:1098700088592D0404D5521CD2B2102AF5D32246A1
:10988000A24207D002F00F0300EB830041F4004135
:10989000C0F88819D0B230BD10B500F06BFE0020C2
:1098A00010BD8278012A07D102220274012242747B
:1098B000002242828182C2820022114600F011B849
:1098C0007FB5002401250DF1040C00958CE81600ED
:1098D0001E4623462A46314600F040FF04B00020D1
:1098E00070BD2DE9F0410446012580782E464FF0E9
:1098F000030804F6E417012802D002281ED105E06F
:10990000A160A28126760220A0700EE0204600F021
:1099100005FC050004D0032D02D0022D04D004E084
:10992000A6700020207600E0A670C4F8E489002329
:109930001A463946D4F8DC0906F09EFB2846BDE8F5
:10994000F0817FB51D460C4690F81D39089903B18A
:1099500000210123CDE90034CDE9022100231A467C
:10996000294600F0FBFE04B0002070BD7FB5002347
:109970000824CDE900311546CDE902431A462946AF
:1099800000F0ECFE04B0002070BD05F0ADBD70B578
:109990000546002005F6381500EB800404EBC004F2
:1099A00005EB4404E67B0A348E4201D0FF2909D13D
:1099B000A679964201D0FF2A04D1E4799C4206D0D0
:1099C000FF2B04D0401CC0B20228E5D3FF2070BD9D
:1099D000102907D200EB8100B0F88819C1F30E01FD
:1099E000C0F888190020704730B40C468578029979
:1099F000012D0FD144F08004047406244474032420
:109A00004282B4EB122F02D140F2094200E0002260
:109A10008282C1820A4630BC1946FFF762BF0A88BB
:109A200003781A440A80017808447047F8B50C4658
:109A3000064600F11C05B1F5807F01D90320F8BD71
:109A40002B464FF40072002130460094FFF7CCFF04
:109A50000028F4D1224629463046BDE8F84000F0FF
:109A600098BE0000F8B50C460546B1F5006F01D967
:109A70000320F8BD05F58E731E464FF48072002159
:109A800028460094FFF7B0FF06490A78521C0A7076
:109A90000028EED1224631462846BDE8F84000F0C5
:109AA0001DBF000044020020F8B51E461446B3F561
:109AB000006F17D8B4B141F4407200F58E731D46A3
:109AC00000210096FFF790FF00280CD16978032948
:109AD00009D129788A1EB24200D816460021B2B2B6
:109AE000AD1C06E00320F8BD6B5C891C04F8013B4B
:109AF00089B29142F8D300212170F8BD01004FF0E6
:109B0000000004D0012901D0022901D002207047B1
:109B100001207047F8B50546D0F880090126C469D0
:109B20006079062851D2DFE800F003502D0335405C
:109B300005F11C00ED8B092D0DD90921ADF80010A0
:109B400005E06946FFF76BFF4178212905D0BDF894
:109B50000010A942F5D302201AE0017884F82610FB
:109B6000417884F8271041882185017984F82A10EA
:109B7000417984F82B10817984F82C10B0F8070013
:109B8000E085E8E7E18D284600F0B8F890B90420B8
:109B900060711AE000221146284600F0A2FA052161
:109BA00008B1032811D161710FE00021284600F0AF
:109BB000A5FA10B1032807D007E001206071D5F89D
:109BC000D82902212846904700263046F8BD0000DB
:109BD00010B500F0A5F90B49002008700A4801688B
:109BE000087C01280DD1094A1078830709D4084B55
:109BF0005B68B3F57A7F04DB4978962901D90220A6
:109C0000107010BD7001002004010020A887002002
:109C1000187E002000238380C3808372028101604C
:109C2000704770B5837A0025BBB901238372002386
:109C300011E0C4888688B44212D00668345D01F809
:109C4000014BC488641CA4B2C4800689B44200D10C
:109C5000C5805B1C9BB29342EBD38572104670BDEE
:109C60008572184670BDF0B5837A0027F3B90123D9
:109C70008372002318E08488C5882646641CAC42A1
:109C800017D0B0F808C0644500D195B1056811F847
:109C9000014BAC558488641CA4B284800589AC4215
:109CA00000D187805B1C9BB29342E4D3877210463D
:109CB000F0BD87721846F0BD10B50446D0F8800993
:109CC000C069018B802901D9802101830949416143
:109CD0004FF4A06204F58E710830FFF79BFF01F08E
:109CE00027F905480078062802D12046FEF7F6F944
:109CF000002010BD549B00200001002008B5B1F5E4
:109D0000006F01D9032008BD009100F58E734FF458
:109D100008520121FFF768FE08BD30B41446A125A2
:109D2000029A05740125457444EA0121418200210B
:109D30008182C28230BC1946FFF7D3BD70B505469B
:109D4000D0F880090026C469617839B12846FFF748
:109D5000A3FD61782846FFF73BFE6670217839B194
:109D60002846FFF799FD21782846FFF731FE267037
:109D7000D5F88009C06920B105F002FCD5F880094A
:109D8000C66101F0E1F8002070BD00002DE9FE4F32
:109D9000FF23054600261A461946FFF7F8FD074639
:109DA000FF285AD0022F58D20146284600F0A2FFC1
:109DB000F0BB342005F040FFD5F880190446C86197
:109DC00020004AD03421F6F772FA0720A070B5F8C7
:109DD0003009DFF82C814B49DFF82CA1DFF82CB1DA
:109DE0004FF0030901283BD0062843D0A0F50071AD
:109DF0008E3943D1B5F82E09A0F580615E393DD189
:109E000043A14548F6F771FA98B3042188F8001089
:109E10004249CAF800100020C4F830B0A070607148
:109E200007EB870000EBC70005EB4000804600E031
:109E300013E090F84E19A176B0F85019218390F8EC
:109E40005209A0830A2801D20A20A08398F8460963
:109E5000022800D9022082464EE00220BDE8FE8F93
:109E6000B5F82E09B0F5016F08D1022288F800205C
:109E7000CFE70AE0B5F82E09792803D0002088F84A
:109E80000000EAE788F80090C3E70521BEE708EB89
:109E9000C60797F84E19080614D521712846FFF712
:109EA000DFFC6070B7F8501995F81D390291CDE9C3
:109EB0000039014695F81C392279284600F05FFCEC
:109EC000617813E0E1702846FFF7CAFC2070B7F80C
:109ED000501995F81D390291CDE90039014695F8E0
:109EE0001C39E278284600F04AFC217800222846F6
:109EF00000F013FC761CF6B25645C8D30020ADE73F
:109F000000010020AC02002004010020B99C0008E0
:109F1000466C796469676900F09A00209402002019
:109F200070B50546D0F88009184EC469307858B32A
:109F3000228B4AB3A06838B3154904F10800FFF733
:109F400070FE218B88421FD1124A01201070307898
:109F5000052806D0042804D0022808D003280CD0F5
:109F600010E0CAB20A49284602F080FA0AE0CAB2F2
:109F70000749284601F094FF04E0CAB20449284684
:109F800002F06CF8002070BD022070BD00010020BE
:109F9000549B0020010100202DE9F84F0546D0F820
:109FA000800900260227C4694FF004094FF0010818
:109FB000A1784FF0070A05F6E41B072970D2DFE805
:109FC00001F004156F6F38314700216B2846884730
:109FD00006001BD184F80280C5F8E47900231A46F4
:109FE0005946D5F8DC0906F047F859E0207E009084
:109FF0000022012128466369FFF78FFE06004FF01B
:10A00000050007D0012E07D0032E08D084F802A047
:10A010000226E1E7A070DFE784F8028000E0A0708C
:10A020000026D9E7D5F8C809C007D5D084F8029032
:10A03000D2E76378227E2846616900F079FA06202B
:10A04000A070D5F8C8092062002084F8240027E019
:10A050006178284600F0E9FA01286178284604D0A2
:10A0600000F0E3FA052814D01AE000F0C9FA94F8D9
:10A070002410A9B9A0B1A06890B1228B04F1080006
:10A080006169FFF7F0FD84F824802846FFF7A0FD02
:10A09000A2E7A17E2846FFF704FC08B984F80290E5
:10A0A0003046BDE8F88F10B5D0F88019C9698A78B4
:10A0B000062A14D1D0F8C8290B6AD21A8B8B9A427F
:10A0C0000DD304228A700221C0F8E419D0F8DC49CB
:10A0D000002300F6E4111A46204605F0CDFF0020CB
:10A0E00010BD212303740A23437442EA01214182F3
:10A0F00000218182C1820A46FFF7F3BB212202744C
:10A100000B224274002209B1428201E00121418206
:10A110008282C28200221146FFF7E3BB2DE9F84F8D
:10A12000027E044601250B2700F6E410032629468B
:10A130004FF009084FF007094FF0050A4FF00D0BDB
:10A1400000900C2A19D2DFE802F0BC060E2F3B4526
:10A1500051646F7E8AA2627904F110012046FFF7F4
:10A1600005FC02202AE06179204600F05EFA012811
:10A1700004D0042816D0022814D0A2E0207CE18A62
:10A1800000F0800031B1802801D1267675E084F896
:10A1900018A072E0802802D184F818806DE084F85D
:10A1A00018906AE0277668E0D4F8C809E08123793E
:10A1B000A2892046A168FFF783FB0420207680E077
:10A1C0002179204600F031FA0128E5D005284ED14A
:10A1D000032552E000916379A2892046A168FFF728
:10A1E000B0FBD4F8C809E0810620E7E76179204692
:10A1F00000F01BFA0128D2D0052804D00228C6D0CE
:10A20000042803D05DE00C202076E1E727760225C4
:10A2100033E00022237911462046FFF751FBD4F8A2
:10A22000C809E0810820C9E72179204600F0FDF93E
:10A23000012804D00428B5D00528C9D041E084F80D
:10A2400018B0002519E000910022637911462046DC
:10A25000FFF777FBD4F8C809E0810A20AEE76179FF
:10A26000204600F0E2F9012804D0022894D0042806
:10A2700098D026E0002584F818B0C4F8E4690023DB
:10A280001A46D4F8DC09009905F0F6FE19E0607E64
:10A29000401CC0B26076022802D82176A17010E07E
:10A2A000D4F8D829062120469047002565766179A3
:10A2B0002046FFF78DFB21792046FFF789FB2570AB
:10A2C00002252846BDE8F88F2DE9FE4F012641788A
:10A2D000002505270446B1464FF00D0800F6E41BA3
:10A2E00000F58E7A08294ED2DFE801F0043C4E7B5F
:10A2F0008399ACC640212046FFF7B4FBA0B10328E8
:10A300001FD069490868401C0860B0F5FA7F3AD34D
:10A31000BFF34F8F65490868654A00F4E060104359
:10A320000860BFF34F8FFEE794F82D09A07184F801
:10A33000019094F81D190091CDE9015094F81C3951
:10A3400038E094F81E09401CC0B284F81E090328A6
:10A3500017D861792046FFF73BFB21792046FFF7AC
:10A3600037FB5AE012212046FFF77CFBA8BB0220F6
:10A370003DE094F81E09401CC0B284F81E09032871
:10A3800042D984F800808CE00121204600F0BDFC19
:10A3900010B1032822D084E00220FFF7F6FA84F8F7
:10A3A0001C9903206070A07994F81D19CDE900155F
:10A3B0004B46029021798022204600F0E0F9A079F6
:10A3C00094F81D190091CDE9015094F81C39617978
:10A3D0000022204600F0D3F963E010E084F800800A
:10A3E0003DE009212046FFF721FB40B904206070C1
:10A3F00057E0B4F83A192046FFF718FB10B10328CC
:10A40000B7D04EE067704CE061792046FFF7E0FA84
:10A4100021792046FFF7DCFA6570257041E094F859
:10A4200034190625E9B1FF2352462046FFF73CFBCD
:10A4300090B95046F5F752FF024651461D48F5F7D0
:10A440001DFF0EE094F83519072551B1FF23524640
:10A450002046FFF729FB10B1032802D021E06570E8
:10A460001FE06570C4F8E47900231A465946D4F811
:10A47000DC0905F001FE14E094F8361981B1FF23E0
:10A4800052462046FFF710FB10B1032808D008E021
:10A490005046F5F723FF024651460748F5F7EEFE12
:10A4A00000263046BDE8FE8F400200200CED00E0A3
:10A4B0000400FA05F09A0020D49B00207CB50E46DB
:10A4C00004002BD084F8D0290025C4F88059C4F8A2
:10A4D000845904F51264F8F7B7F8E57025706570D3
:10A4E000A570A4F512640EB1C4F8D8690022042145
:10A4F000102008F053F8C4F8DC0904F51E61182098
:10A50000CDE900014FF48062234605A1074808F019
:10A5100023FB204600F09CF800207CBD02207CBD7F
:10A52000555342485F51756575650000ADAC000834
:10A530007FB501250DF1040C002400958CE8160070
:10A540001E4603232A46314600F008F904B00020D5
:10A5500070BD7FB501250DF1040C002400958CE839
:10A5600016001E4603232246314600F0F7F804B0D9
:10A57000002070BD10B5D0F8D409F9F7C0FABDE8D5
:10A580001040FFF7BBBA10B5012280F82029002146
:10A5900080F8211980F82219C0F8E4290B460A46F0
:10A5A000D0F8DC4900F6E411204605F065FD0020F6
:10A5B00010BD70B50125044680F82159002084F8AB
:10A5C000200984F82309204600F0BFF821792046AD
:10A5D000FFF7FEF961792046FFF7FAF9C4F8E4596C
:10A5E00000231A4604F6E411D4F8DC0905F044FD12
:10A5F000002070BD10B5C82004F076FF002010BD0B
:10A60000D0F8D409F9F775BA10B50124D0F8D409F7
:10A61000F9F759FA20B1012805D0022803D101E049
:10A62000002400E00224204610BDD0F8D409F9F738
:10A6300059BAD0F8C819491CC0F8C81901780B29B3
:10A6400005D1D0F88019002901D0896908477047E1
:10A6500010B5044690F8D00901281CD10F484FF0DE
:10A66000A0410222C0F8DC43C4F8D40901600821EB
:10A6700041710121C1710021817142728172F9F72A
:10A680008FFB08B1F8F7E4FC0448F9F719FA014622
:10A69000204600F03FF8002010BD0000288D00206B
:10A6A00010B50121C0F8E419D0F8DC49002300F608
:10A6B000E4111A46204605F0DFFC002010BDFEB56F
:10A6C00008AF97E870008DE87000D0F8D409F9F76A
:10A6D00028FABDE8FE40FFF711BA002180F82319DF
:10A6E0007047012130B480F82319C0F8E419D0F87C
:10A6F000DC4900F6E4112046002330BC1A4605F080
:10A70000BBBC10B5D0F8D409F9F7C0FBBDE81040C8
:10A71000FFF7F4B9C0F8C8197047D0F8D409C1EBF5
:10A72000011100EB8100C17D11B180F83C2001E0F6
:10A7300080F83D200020704710B5D0F8D409F9F713
:10A74000ACFBBDE81040FFF7D9B910B5D0F8D4097B
:10A75000F9F7B9FBBDE81040FFF7D0B92DE9FF418B
:10A760000DF1280898E8F0008DE8F000D0F8D40941
:10A77000F9F729FA04B0BDE8F041FFF7BFB9FEB51B
:10A7800008AF97E870008DE87000FFF798FF002091
:10A79000FEBD2DE9F74F82B04FF0000B029ED84668
:10A7A00006F63816F9B10878307048787070488825
:10A7B0000C46FF2801D94FF4807070800879307101
:10A7C000487970718879B071C879F071207A3072E7
:10A7D00031780920092900D03070092A7CD98246B5
:10A7E000ADF8000061E0022005B0BDE8F08F6946D9
:10A7F0002046FFF714F904464078042852D1207807
:10A80000092801D084F800A008EB880101EBC800FA
:10A8100006EB4009207889F80A00607889F80B0077
:10A82000A07889F80C00E07889F80D00207909F10A
:10A830000A05022800D30220287161796971A17983
:10A84000A971E179E971217A297200271BE0694633
:10A850002046FFF7E4F804464078052813D16879CC
:10A86000012804D1A87902282DD003282BD0072055
:10A87000207009EBC70122461431029800F06CF8F1
:10A880007F1C8346FFB22879B84204D97088BDF88E
:10A8900000108842DBD82879B84211D808F10100AD
:10A8A00000F0FF08B8F1020F04D27088BDF8001064
:10A8B00088429CD83079022800D3022040450BD929
:10A8C000032091E708E0E8790028D2D12078092810
:10A8D000CFD084F800A0CCE7584685E770B5054690
:10A8E00000F62610002441B30B7803704B784370B8
:10A8F0004B8843800B7903714B7943718B7983715A
:10A90000CB79C37195F81D590826C5B1012D16D014
:10A91000022D1DD00324082A0DD90A8902814A89F3
:10A9200042818A8982818A7B8273CA7BC2730A7C54
:10A930000274497C4174204670BD022070BD082B12
:10A94000E9D0102BE7D0202BE5D0402B02D1E2E755
:10A95000082BE0D0C671DEE770B513780B70537822
:10A960004B7093788B70D478CC7093888B8005462D
:10A97000927900208A714FF480660BB1B34200D9FE
:10A98000032095F81D1921B101291BD002292ED0D1
:10A990000EE004F00301022907D0A5070AD001291F
:10A9A0000BD0E143890708D002E0B3F5007F00D95E
:10A9B000032070BD402BFBD870BD002AF8D0102AB0
:10A9C000F6D870BD04F003010229F3D0A507F1D039
:10A9D000012907D0E1438907EAD1002AE8D0B34230
:10A9E000E6D270BD002AE3D0102AE3D9E0E7A10740
:10A9F00007D0E1438907DBD1002AD9D0082BD7D86B
:10AA000070BD082BD4D170BD2DE9FE4F0223044642
:10AA10008DF80030DFF890B2002001269BF800107E
:10AA2000012901D184F8216994F82119012901D162
:10AA30000321217022780D27002504F6E4194FF038
:10AA400005084FF0080A0C2A7ED2DFE802F006164D
:10AA500036F77D6BD9889099B0F094F820090028DA
:10AA600072D02670C820FEF790FF2046FFF749FEFF
:10AA700084F81C59C4F8CC5996E094F823090128AD
:10AA80000ED0D4F8CC09B0F57A7F0FD994F81F090D
:10AA9000401CC0B284F81F09032805D9277083E041
:10AAA00084F81F5923707FE025707DE00A30C4F8D8
:10AAB000CC090A20FEF769FF76E0D4F8D82912B154
:10AAC0000421204690476420FEF75FFF2046FFF7F1
:10AAD0009BFD84F81D0984F8008000212046FEF7C4
:10AAE000BFFE607180212046FEF7BAFE2071A17979
:10AAF00094F81D290092CDE90151014694F81C39C2
:10AB000080222046FFF73BFEA07994F81D190091A2
:10AB1000CDE9015094F81C39617900222046FFF7F5
:10AB20002EFE41E02046FFF7CFFB8DF800009DF898
:10AB30000000002808D184F8245994F83709012826
:10AB400003D0072020706BE077E05046FAE700233F
:10AB50001A464946D4F8DC0905F08EFAA0E0D4F88C
:10AB6000D829002A69D0012120469047EDE794F8C2
:10AB70003D19204600F0D7F8B0B90920207013E045
:10AB800094F83F094FF00A0580068DD50121204633
:10AB900000F0D7F88DF800009DF80000002883D061
:10ABA0009DF800000328FAD0C4F8E469CFE7D4F890
:10ABB000841911B3C4F8805994F8471904EB800242
:10ABC000D2F8782912798A4206D104EB8000D0F8B5
:10ABD0007809C4F8800904E0401CC0B20228EDD313
:10ABE000284658B181682046884738B90620207029
:10ABF000D4F8D82903212046904711E027700FE0B0
:10AC0000D4F880090028F9D00169204688478DF8DA
:10AC100000009DF8000030B19DF800000228EDD042
:10AC2000C4F8E48993E70B208CE700E006E0D4F851
:10AC3000800910B141692046884731E084F82159E4
:10AC40002046F7F701FDD4F8800920B1C1682046FD
:10AC50008847C4F88059D4F8D82912B10521204674
:10AC6000904794F82209012810D02046FFF764FD90
:10AC7000C4F8E46900231A464946D4F8DC0905F013
:10AC8000FBF99BF80010012906D009E084F822594D
:10AC9000204600F064F8EBE78BF8005084F8206958
:10ACA0000020BDE8FE8F00007101002004464FF037
:10ACB000FF3600F6E415334600222946D4F8DC09B5
:10ACC00005F0A6F90028F6D12046FFF79DFEF2E731
:10ACD00010B50246002059B1D2F88439022B07D2B0
:10ACE00002EB83045B1CC2F88439C4F8781910BDE8
:10ACF000022010BD0246002092F83C398B4202D956
:10AD000082F824197047022070478278012A06D100
:10AD1000002202740523437441828282C28200228F
:10AD20001146FEF7DEBD8278012A06D100220274A8
:10AD30000923437441828282C28200221146FEF7B7
:10AD4000D0BD8278012A06D1002202740323437405
:10AD500041828282C28200221146FEF7C2BD10B536
:10AD60000446FFF7E9FC01212046FFF743FC0020E1
:10AD700010BD000001290AD00548022906D0042987
:10AD800003D0052903D1032100E0012101707047A0
:10AD90004502002070B50D460446C2F30720049911
:10ADA0001E4601281BD0E06840F04000E0602046CD
:10ADB00000F032F8C6F307210029A16B26D021F458
:10ADC0008031A163C5F30741012907D1A16841F092
:10ADD0000601A160A16841F02001A16070BDA06BD7
:10ADE00020F48030A063E0680A4A1040E060E06828
:10ADF00020F44010E060C8B2012803D1E06840F4BC
:10AE00008010E060204600F007F8DBE741F4803175
:10AE1000D7E70000BFFFBDFF08B500234FF0706209
:10AE200000930099491C009191420CD801690029B6
:10AE3000F7DA0093016941F0010101610099491CB1
:10AE40000091914201D9032008BD0169C907F5D1DC
:10AE5000002008BD816821F0010181600020704759
:10AE600000EB4110064AC0F81025D0F8001521F07B
:10AE7000804141F00041C0F80015002070470000FB
:10AE80000000088008B5D0F8402422F02E0200927D
:10AE9000D20405D4012909D1009941F4805103E07D
:10AEA00021B9009921F48051C0F84014002008BD58
:10AEB000816841F0010181600020704708B50023DE
:10AEC0004FF0706200930099491C009191420AD89A
:10AED00001690029F7DA1021009301610099491CEA
:10AEE0000091914201D9032008BD0169C906F5D43A
:10AEF000002008BD18B500244FF070630094009A3C
:10AF0000521C00929A420CD80269002AF7DA2022D9
:10AF100042EA8111009401610099491C0091994213
:10AF200001D9032018BD01698906F5D4002018BD98
:10AF300010B5FAF771FC034802214170411E0978EF
:10AF4000817010BD01010020094A00217F2311708A
:10AF50005068037083704370C3700171417102F1D6
:10AF600008005060C01F41701278827001707047F5
:10AF700000010020D0F8080480B2704708B5D0F86E
:10AF800040040090C0F3414008BD406900F001005A
:10AF9000704738B5002200EB41110092D1F800252E
:10AFA000D1F80035C2F38142D1F80445DB0F856842
:10AFB000E40FAD0605D524B93BB3012A25D0032AF9
:10AFC00023D04FF47A736AB1022A0BD0D1F800254E
:10AFD00042F08042C1F80025D0F8100410F47F0F31
:10AFE0002BD00CE0D1F8002542F08042C1F80025BA
:10AFF0008268920603D4C06A10F47F0F07D0D1F89C
:10B00000000540F00040C1F80005002038BDD1F82F
:10B01000000520F00040C1F80005D1F8000540F01F
:10B020000040C1F800050098401C00909842ECD800
:10B03000D1F800050028F6DBE7E7D1F8000520F09D
:10B040000040C1F80005D1F8000540F00040C1F80B
:10B0500000050098401C00909842D6D8D1F8000511
:10B060000028F6DBD1E700002DE9F0431E46DDE9BC
:10B070000785002700EB41147B1EDDF82490C4F8FF
:10B08000083515B3012D3BD0022D1ED0032D30D035
:10B0900001270023C4F80435D4F80C3543F002032B
:10B0A000C4F80C35D0F8183401F00F0C012101FA66
:10B0B0000CF10B43C0F81834816941F000718161D3
:10B0C00011062AD54FF4004128E040F29D43C4F810
:10B0D0000C35130604D5D4F80C3543F4807319E00D
:10B0E000DFF898C06045D4D1D4F80C3543F0600344
:10B0F00010E040F29D63C4F80C351306EBD4C8E7AA
:10B1000040F22523C4F80C351306C2D5D4F80C350B
:10B1100043F4C073C4F80C35BBE70021FFF72EFFE2
:10B12000B8F1020F04D1022802D04FF4003000E041
:10B1300000204FF0FE5303EA86534FF4F04606EA30
:10B14000C22213434FF4402202EA85421343C9F35B
:10B150000A0213430B43034343F48010C4F8000571
:10B16000032D01D0012D05D1D4F8000540F0005089
:10B17000C4F800053846BDE8F08300000000044034
:10B18000D0F8140480B27047F8B5954C4B784FF462
:10B190008075A04216D1012A02D00C797CB111E051
:10B1A0008C7C0CB1022C0DD18C795CB900EB431472
:10B1B000D4F80C6526F07006C4F80C6502E04C79F2
:10B1C000012C10D08C79012C11D00C6A9CB38E8A82
:10B1D000A7197F1EB7FBF6F7BFB2AF4235D92F468E
:10B1E0003502CD6131E01946FFF73AFEF6E0CC7842
:10B1F00001270CB18C8A2CE08C7C012C02D0012A16
:10B200001CD01FE00C6ABC2C0DD98C8ACC610C625E
:10B21000CC68012C05D0022C03D00124CC60CC6971
:10B2200018E00224FAE7CC61CC68012C04D0022C8F
:10B2300002D00424F2E707E00324EFE78C8A0D6ACA
:10B24000A54206D80C6A04E00127CD780DB18C8A9E
:10B250007C43CC616FF06045C4F3120405EAC74536
:10B260002C438D7D4FF0C04606EA45752C4300EB1C
:10B2700043130546C3F8104512B18C69C3F8144551
:10B28000D5F80844D3F8005544F3000425F00055E0
:10B29000C3F80055D3F80055641C45EA4474C3F85C
:10B2A00000458C790025012C0DD0C3F80455D3F846
:10B2B000004524F080440094CC78002C009C58D0A9
:10B2C00044F4004457E04E7C0C7C4FF0004747EAC2
:10B2D000C6163443C3F80445D3F80C4544F0600463
:10B2E000C3F80C45CC79012C0DD1CC785CB9D3F8DE
:10B2F000044544F48034C3F80445D3F80C4544F0C5
:10B300004004C3F80C458C7C012C01D0032CCED119
:10B31000CC79012C08D1CC78012C05D1D3F8044587
:10B3200044F48034C3F804458C7C012CBFD1CC7824
:10B33000002CBCD1CC68012C0CD0022C0FD0032CDB
:10B3400012D0042CB3D1D3F8044544F44044C3F8DC
:10B350000445ACE7D3F8044544F40044F7E7D3F8D8
:10B36000044544F00E04F2E7D3F8044544F4804465
:10B37000EDE724F4004444F000440094C3F8004591
:10B3800062BBCA7852BB0B6A43B3CA7932BB8A7CB0
:10B3900032B1012A0FD0022A02D0032A17D10AE0C3
:10B3A000DB1CC3F38F02C36A9BB293420FD2826944
:10B3B00042F020020AE0DB1CC3F38F02D0F8103405
:10B3C0009BB2934203D2826942F08062826100950F
:10B3D0000A8C93B24A78896900F03FF90020F8BDE1
:10B3E00000000440F0B500250E4604462F46C0F884
:10B3F000005E806B40F40010A063A06B20F400207E
:10B40000A063A06B20F48020A063E068400602D413
:10B41000300E012804D0D4F8000420F0040103E029
:10B42000D4F8000440F004012046C4F800141021B0
:10B43000FFF760FD00B101252046FFF73FFD00B199
:10B4400001250020431EC6F3072206E004EB40114D
:10B45000C1F80835C1F80C75401C8242F6D8A761C6
:10B4600063610E48844205D1401560620C48A062B9
:10B470000C4804E0802060620B48A0620B48C4F8CE
:10B480000001C6F3074018B9A06940F01000A061A0
:10B49000A06907490843A0612846F0BD00000440A8
:10B4A000000200010003E00080006000E0004000B6
:10B4B000080020A3D0F8002422F00302C0F80024E2
:10B4C000D0F8002401F003031A43C0F80024012936
:10B4D00003D0022904D0012070474BF6803101E0EF
:10B4E00041F27071C0F804140020704700EB411065
:10B4F000D0F80815D0F80C050840704741698069FC
:10B500000840704730B503460846940802F003012E
:10B51000002203F5805303E01D6840F8045B521CD1
:10B52000A242F9D300290BD01C680022D50024FACE
:10B5300005F3491E521C090400F8013B090CF5D122
:10B5400030BD38B50446D0F8400420F02E000090FD
:10B5500040F48070C4F84004642004F5886403F06B
:10B56000C3FF009820F4807020600A2003F0BCFF25
:10B57000002038BD70B50546C068002420F0C040EA
:10B58000E860012901D079B120E0E86840F000507E
:10B59000E8600A2003F0A8FF68690A3410F0010F80
:10B5A00010D1C82CF5D30DE0E86840F08040E86089
:10B5B0000A2003F099FF68690A3410F0010F01D0E6
:10B5C000C82CF5D3C82C01D0002070BD012070BD5F
:10B5D00038B5002504460095806820F00100A06081
:10B5E00010212046FFF786FC00B101252046FFF719
:10B5F00065FC00B10125002104EB4110D0F80025C5
:10B6000022F0802242F08042C0F80025491C0F2918
:10B61000F2D900214FF47A7304EB4110D0F80025E1
:10B6200022F4004242F04042C0F80025009A521C29
:10B6300000929A4203D8D0F80025002AF6DB491C74
:10B640000F29E9D94FF0FF30C4F814046061A068F5
:10B6500040F00100A060284638BD10B5029C6CB9CE
:10B66000DB1C9C0800EB0230002300F5805003E057
:10B6700051F8042B02605B1CA342F9D3002010BDDB
:10B680002DE9F041544D04460027A869844202D0B8
:10B69000E88900B1EF81AC61504EE8897B293154D3
:10B6A00000D0E8B3401C80B2E8810B283CD1EF8188
:10B6B000B07A7D2838D109214848F6F7C3FA727A62
:10B6C0003146904230D1464E3A46B7704878454FA1
:10B6D00038B3012201284BD0022849D0032861D079
:10B6E000FF2821D13C4ECC7814360B794879377835
:10B6F0008979BC426AD17778BB4267D1B778B842C2
:10B7000064D1F778B94261D1AE89761CB6B2AE8108
:10B71000322E09D3304E103634707370B07001E0A1
:10B7200004E005E0F1702A70BDE8F081EF81FBE7ED
:10B730002D48844202D13078202003E02B488442F7
:10B7400001D101203070BA710D460979E87800F016
:10B7500081FD86ED010AA979687900F07BFD86ED0F
:10B76000020A297AE87900F075FD86ED030ADBE725
:10B77000BA71012802D1387900B97A710D46097978
:10B78000E87800F067FD87ED0A0AA979687900F08A
:10B7900061FD87ED0B0A297AE87900F05BFD87ED02
:10B7A0000C0AC1E70D460979E87800F053FD87EDF2
:10B7B000040AA979687900F04DFD87ED050A297A18
:10B7C000E87900F047FD87ED060AADE7AA813470FD
:10B7D0007370B070F170A7E7E0010020AC8A002020
:10B7E000A8870020F87F002000100140004800409A
:10B7F0000420FCF7E7FCFEE770B5144D002428197F
:10B80000007E06F07FF9641CE4B2182CF7D3104DCB
:10B81000687A012809D10D4E00244036305D06F0CB
:10B8200071F9641CE4B2132CF8D3287A012802D0F1
:10B83000687A012809D1054D00243035285D06F0CD
:10B8400061F9641CE4B2082CF8D370BD088A0020AA
:10B85000187E002070B51B4D00242819007E06F0CC
:10B860005DF9641CE4B2182CF7D3174D687A0128EF
:10B8700009D1144E00244036305D06F04FF9641CA7
:10B88000E4B2132CF8D3287A012802D0687A012870
:10B8900009D10C4D00243035285D06F03FF9641CB9
:10B8A000E4B2082CF8D309480078002809D0054DE7
:10B8B00000245335285D06F031F9641CE4B21B2CDA
:10B8C000F8D370BD088A0020187E00203C020020BA
:10B8D00010B50021F9F732FA01280ED0022814D051
:10B8E000032809D10F490878401CC0B20870CA78F3
:10B8F000904201D90120087010BD0B49887910B120
:10B900000020887110BD0120FBE70849A1F10C005F
:10B91000F9F7CAF90549BDE81040891FA1F10C00EB
:10B92000F9F7C2B9B0010020F87F00205A88002042
:10B930002DE9F8431F4608AB904693E87000F7F7EF
:10B94000B3FC2B462246394640460096FDF758FA8E
:10B95000BDE8F8832DE9F04788B09946DDF840A0AE
:10B96000002863D0002961D0002A5FD0B9F1000F10
:10B970005CD0A0F101084E1E571E00F05DF80121B9
:10B980004806FAF76DFF2A4C09220B212046F7F7EB
:10B99000F9FC09220C212046F7F7F4FC00248DF86D
:10B9A00006408DF807408DF804708DF80840012599
:10B9B0008DF805608DF809508DF802A01D4E8DF8A8
:10B9C0000A408DF803808DF80B40ADF80090694671
:10B9D0003046F5F76FFF8DF816408DF817408DF85B
:10B9E0001850ADF80C40ADF81040ADF80E40ADF871
:10B9F0001240ADF814408DF8195003A8F5F7ECFE8D
:10BA0000012202213046F5F74DFF14208DF81C006D
:10BA100003208DF81D008DF81E408DF81F5007A8DB
:10BA2000F9F7C4FC002008B0BDE8F0870120FAE770
:10BA300000000240006400402DE9FC41012108465D
:10BA4000FAF7F6FE01210846FAF7F2FE02258DF814
:10BA5000045000264FF480508DF806600327DFF86D
:10BA60004C8000908DF8057001248DF807406946E0
:10BA70004046F7F7CDFB8DF80450E0028DF80660E4
:10BA800000908DF805708DF8074069464046F7F73D
:10BA9000BFFB09220C214046F7F774FC09220C2158
:10BAA0004046F7F76FFCBDE8FC8100000000024053
:10BAB0002DE9FC4701210820FAF7BAFE01210820F0
:10BAC000FAF7B6FE01210820FAF7B2FE01248DF83C
:10BAD000044000258DF806500326DFF87CA04FF4C3
:10BAE00080478DF8056000978DF8074069465046FD
:10BAF000F7F78EFB8DF804408DF806504FF4005890
:10BB00008DF80560CDF800808DF8074069465046F5
:10BB1000F7F77EFB8DF804408DF806504FF400498E
:10BB20008DF80560CDF800908DF8074069465046C5
:10BB3000F7F76EFB39465046F7F73BFC4146504657
:10BB4000F7F737FC49465046F7F733FC0020F9F782
:10BB500079F9BDE8FC870000000C024070B50121B6
:10BB60000220FAF765FE01210220FAF761FE0121A9
:10BB70000420FAF75DFE01210220FAF759FE0121A7
:10BB80000820FAF755FE01210820FAF751FE01219D
:10BB90000420FAF74DFE01210846FAF749FE1D4E32
:10BBA0004FF400513046F7F76FFBB414214630468E
:10BBB000F7F76AFB184D01212846F7F765FBA1004E
:10BBC0003046F7F761FB154EA1103046F7F75CFBE6
:10BBD00021463046F7F758FB21462846F7F754FB35
:10BBE00021110F48F7F750FB0E490020C1F8B402AD
:10BBF000C1F8B0020C4AC2F88002C1F8B8020B4981
:10BC0000C1F8A802C1F8B002C2F8B0020849C1F8F0
:10BC1000A00270BD0004024000080240000C024077
:10BC2000000002400080404200004142008041424A
:10BC3000000040422DE9FE430C460546FFF78EFF0B
:10BC400001210220FAF718FE01210420FAF7F0FD85
:10BC500001210220FAF710FE01210420FAF7E8FD85
:10BC600001210220FAF708FE01210420FAF7E0FD85
:10BC700001210220FAF700FE01210420FAF7D8FD85
:10BC8000144FDFF85480CDE90054002604233A46CF
:10BC9000D90140460296FCF7DBFFCDE900540323AF
:10BCA0003A46B91540460296FCF7D2FFCDE900545A
:10BCB00002233A46802140460296FCF7C9FFCDE9AF
:10BCC000005401233A46402140460296FCF7C0FF4B
:10BCD000BDE8FE830004014000080240B4EEE00A23
:10BCE000F1EE10FA09DD30EE410AB4EEE00AF1EEB1
:10BCF00010FA01D8B0EE600A704730EE010AB4EED7
:10BD0000E00AF1EE10FAF5DA704700002DE9FC4187
:10BD100001211020FAF78CFD01210420FAF788FD9B
:10BD2000002408208DF804400325124F00908DF860
:10BD3000055002268DF8076069463846F7F768FA1D
:10BD400004208DF8044000908DF805508DF80760B0
:10BD500069463846F7F75CFA30038DF804400090E6
:10BD60008DF805508DF8076069460348F7F750FADB
:10BD7000BDE8FC81001002400008024070B5224876
:10BD8000224D2DED028B9FED1E8B417869B1002174
:10BD9000417008461E49D1ED130A05EB8001401C95
:10BDA000C0B2C1ED000A6428F7D3012005EB800181
:10BDB000401CD1ED000AC0B241ED010A6428F5D360
:10BDC00085ED630A002455F82400F4F75BFC53EC7E
:10BDD000182BF4F798FA641C41EC180BE4B2642CAD
:10BDE000F1D351EC180B9FED0B0B53EC102BF4F728
:10BDF000A3FBF4F773FCBDEC028B00EE100A70BDE0
:10BE00000000000000000000A00100206C8800205D
:10BE10004C870020000000000000594003490988B9
:10BE2000C140C80700D0012070470000A8020020D0
:10BE3000174A032809D01346DFED160A93ED0B0AC3
:10BE4000082809D00A280ED015E0012913D112497B
:10BE50000120096808740EE0022901D001290AD1E5
:10BE600030EE600A05E0022901D0012903D130EE4D
:10BE7000200A82ED0B0A92ED0B0AB5EEC00AF1EE34
:10BE800010FA03D29FED050A82ED0B0A70470000FD
:10BE9000A8870020000048420401002000000000A4
:10BEA0002DE9F0416B4DC8780C46287008790022C6
:10BEB000C0F1FF0068704878A8708878E8708879C9
:10BEC000C0F30011281F04F021FDA0790122C0F366
:10BED0008011281F04F01AFDA0790222C109281F31
:10BEE00004F014FDA0790322C0F34011281F04F0D0
:10BEF0000DFD607900F00F000F280BD0C107C0F3D3
:10BF000041001CD0F0B301283FD0022844D00328C0
:10BF100029D143E04F4804220021001F04F0F6FC21
:10BF20004C4805220021001F04F0F0FC494806227D
:10BF30000021001F04F0EAFC072200210FE030B1CD
:10BF4000012806D0022806D003280CD105E00422DF
:10BF500004E0052202E0062200E0072201213D481C
:10BF6000001F04F0D3FCA0790822C0F380063948F2
:10BF70003146001F04F0CAFCFF274FF00008A6B1AD
:10BF80002F7114E0FFE7042200E00622314801216E
:10BF9000001F04F0BBFCDCE7062200E004222D4871
:10BFA0000121001F04F0B2FCD7E785F80480A079D6
:10BFB0000922C0F3C00627483146001F04F0A6FC42
:10BFC0000EB16F7101E085F80580A0790A2200F0BA
:10BFD00001012048001F04F099FCA0790B22C0F356
:10BFE00040011C48001F04F091FC60790C22C0F352
:10BFF00000111848001F04F089FC60790D22C0F37D
:10C0000040111448001F04F081FC60790E22C0F337
:10C0100080111048001F04F079FC60790F22C109DB
:10C020000C48001F04F072FC0A4D00240A4E2D1F1C
:10C0300006EB041122462888F7F7C6FB010002D060
:10C040002046FFF7F5FE641CE4B20F2CF0D9BDE8E2
:10C05000F0810000AC020020389D00202DE9F04165
:10C060006B4D08780C46287048780022C0F1FF001C
:10C070006870C878A8700879E8708879C0F30011F2
:10C08000281F04F043FCA0790122C0F38011281F6F
:10C0900004F03CFCA0790222C109281F04F036FC00
:10C0A000A0790322C0F34011281F04F02FFC60790F
:10C0B00000F00F000F280BD0C107C0F341001CD0C7
:10C0C000F0B301283FD0022844D0032829D143E00F
:10C0D0004F4804220021001F04F018FC4C480522A0
:10C0E0000021001F04F012FC494806220021001F15
:10C0F00004F00CFC072200210FE030B1012806D02B
:10C10000022806D003280CD105E0042204E0052211
:10C1100002E0062200E0072201213D48001F04F052
:10C12000F5FBA0790822C0F3800639483146001F8C
:10C1300004F0ECFBFF274FF00008A6B12F7114E0CC
:10C14000FFE7042200E0062231480121001F04F02D
:10C15000DDFBDCE7062200E004222D480121001F60
:10C1600004F0D4FBD7E785F80480A0790922C0F356
:10C17000C00627483146001F04F0C8FB0EB16F719E
:10C1800001E085F80580A0790A2200F0010120482D
:10C19000001F04F0BBFBA0790B22C0F340011C4838
:10C1A000001F04F0B3FB60790C22C0F300111848A3
:10C1B000001F04F0ABFB60790D22C0F3401114485E
:10C1C000001F04F0A3FB60790E22C0F38011104819
:10C1D000001F04F09BFB60790F22C1090C48001F6F
:10C1E00004F094FB0A4D00240A4E2D1F06EB0411A7
:10C1F00022462888F7F7E8FA010002D02046FFF728
:10C2000017FE641CE4B20F2CF0D9BDE8F0810000E9
:10C21000AC020020389D002070B506460B480D4644
:10C22000017819B90121017005F060F9084C204628
:10C2300005F00CF905F0E0F8002806D12A46314651
:10C240002046BDE8704005F0BDB970BDE400002097
:10C250000000060870B501EB002004B24FF47A75B7
:10C2600094FBF5F005FB10402DED028BF4F7D3F9AC
:10C270009FED0B1B53EC112BF4F7ECF841EC180B72
:10C2800094FBF5F0F4F7C7F953EC182BF4F73BF8EF
:10C29000F4F724FABDEC028B00EE100A70BD00002A
:10C2A000FCA9F1D24D62503F70B52F4C0428226892
:10C2B00003D1012901D1012313742C4B9FED2C0ACA
:10C2C000DFED2C0A1D782C4B052D02D0042D12D049
:10C2D0001EE0082802D0092805D010E002292FD03E
:10C2E00001292DD00BE0022925D0012923D006E019
:10C2F00083ED0B0A03E00828F5D00B28EED093ED70
:10C300000B0AB5EEC00AF1EE10FA01D2C3ED0B0A2A
:10C3100005280FD103290DD1507CC0B192687F212F
:10C3200000209047322005F08DFD2068417C61B1EE
:10C330000021417470BD93ED0B1A31EE000AD7E76E
:10C3400093ED0B1A31EE400AD2E70121F1E701200B
:10C350005074322005F076FD20687F218268BDE8A8
:10C360007040002010470000040100200001002060
:10C370000000484200000000A88700202DE9FF418E
:10C38000294C80462078002836D028A0271DD0E9E7
:10C390000010CDE9001038788DF8030078788DF81A
:10C3A000040022A00822D0E90010CDE90210D8F83C
:10C3B00080096946C56940462B78FEF7CAF806F041
:10C3C00005FCA168A61D401AC82817D900272770A8
:10C3D0008DF803708DF804703C462B78082202A972
:10C3E0004046FEF7B6F8142005F02CFD641CE4B2BC
:10C3F000032CF2D337707770BDE8FF81307839783D
:10C40000884203D170787978884208D02B78082246
:10C4100069464046FEF79DF8142005F013FD387874
:10C42000307078787070E7E788020020000800001C
:10C4300000000000074A10B5527C002A09D0054CC4
:10C4400001220C3C2270221D1070517006F0BEFBC0
:10C45000A06010BD9402002003494988C140C8076C
:10C4600000D0012070470000880200202DE9FC4127
:10C470000646D0F88009264D0C46C1696878022826
:10C480000CD2401C687023A0D0E90020CDE9002028
:10C490000B78082269463046FEF75BF8E07903F036
:10C4A00001FC1B4F0C373870607A03F0FBFB78708F
:10C4B000E07A03F0F7FBB870607B03F0F3FBF870F1
:10C4C0002179397160797871144A608868801278AE
:10C4D000042A03D1C1B140F400606880104F0024E9
:10C4E00007EB041122466888F7F76EF9010002D0C5
:10C4F0002046FFF7D9FE641CE4B20F2CF0D9304679
:10C50000BDE8FC41FFF73ABF20F40060E5E700001A
:10C510008802002000080000000000000001002048
:10C52000389C0020164B10B5A3F124020024917A08
:10C530007228585400D001B3491CC8B29072052823
:10C540001CD194721878722818D15878652815D1A2
:10C550009878732812D1D87865280FD11879742863
:10C560000CD1BFF34F8F07480168074A01F4E0611F
:10C5700011430160BFF34F8FFEE7947210BD0000BE
:10C58000040200200CED00E00400FA050FB4054B96
:10C5900010B503A9044A029802F0D2F810BC5DF865
:10C5A00014FB00006DF50008AC0000200FB4084B30
:10C5B00010B504A902AA039802F0C2F8044602A921
:10C5C000002002F04BFC204610BC5DF814FB00007C
:10C5D0005DEE00087CB50C001D461646014601D0F4
:10C5E000601E00E00020CDE90010064B6A46294697
:10C5F000304602F0A5F8002C02D0009A00211170FC
:10C600007CBD000047EE000803B40198410000988B
:10C6100050EAC12018BF04204A0D18BF40F00100A5
:10C6200040F2FF72B2EB515F08BF40F002000128F8
:10C6300008BF052002B070474100080218BF04205F
:10C640000A0E18BF40F001004FF07F4232EA0101AC
:10C6500008BF40F00200012808BF05207047000015
:10C6600070B54FF068422DED048BF0EE408A18EE65
:10C67000900AB0EE608A18EE101A02EB4003B3F194
:10C68000654F3CBF02EB4102B2F1654F7DD200BF66
:10C69000C0F3C753C1F3C7529A1A1B2A09DD10F021
:10C6A000004F14BF9FED830A9FED830ABDEC048BFE
:10C6B00070BD12F11A0F36DA11F0004F09D010F0E8
:10C6C000004F0CBF9FED7D0A9FED7D0ABDEC048BF2
:10C6D00070BD88EE889A19EE100AFFF7ADFF0428A6
:10C6E00008BF01F0A3FE18EE900AFFF7A5FF05466C
:10C6F00018EE100AFFF7A0FF044619EE100AFFF724
:10C700009BFF042D18BF052D08D1042C18BF052C44
:10C7100004D1002804BF022001F04AFFB0EE490A0C
:10C72000BDEC048B70BD4200B2EB410F3AD910F062
:10C73000004F19BFDFED630A9FED630ADFED630A67
:10C740009FED630AB0EE481A0A46B1EE688A80F09F
:10C750000041F0EE418A10460A1A5200B2F1807F81
:10C7600034D2484010F0004FDFED5A1A9FED5A2A9C
:10C770001DBFBEEE001A70EEE10A30EE420AB6EEC0
:10C78000001A08BF70EEA10A00E040E008BF30EEDA
:10C79000020AB0EE682A01EE482A08EE818AC2EE4B
:10C7A000081A15E011F0004F04BF9FED4C0AF0EE9F
:10C7B000400AD1D010F0004F19BFDFED490A9FEDBC
:10C7C000490ADFED490A9FED490AC5E7C8EE881A14
:10C7D00021EEA11A9FED462ADFED462A41EE022AFC
:10C7E0009FED452A01EE222ADFED442A41EE022A7E
:10C7F0009FED432ABDEC048B01EE222A21EE811A23
:10C8000001EE020A30EE210A30EE200A70BD4FF030
:10C810007F42B2EB400F28BFB2EB410F09D2F0EEDE
:10C82000480AB0EE680ABDEC048BBDE8704001F028
:10C83000F2BD40EA01035B0008BF41F0FF410BD0AD
:10C84000B2EB400F08BFB2EB410F08D120F080409F
:10C8500008EE900A21F0804108EE101A18E7B2EBBA
:10C86000400F12BF5FEA410340F0FF4001F000417A
:10C870003FF40EAFB2EB410F12BF5FEA400200F08F
:10C88000004041F0FF413FF403AF4A0092EA400309
:10C890003FF5FEAE002AACBF9FED1A0A9FED1A0AC3
:10C8A00068EE808A28EE008A18EE900A18EE101AB8
:10C8B000EEE60000DB0FC9BFDB0FC93FDB0F4940CD
:10C8C000DB0F49C00000C9BF22AAFDB90000C93F63
:10C8D00022AAFD390060ED3EC30ACE3700000000F9
:10C8E000000049C022AA7DBA0000494022AA7D3A30
:10C8F0002DAD65BD8FB8D53D0FB511BE61C84C3E9D
:10C90000A8AAAABE0000804F0000802F10EE101AC7
:10C9100008B5444A6846B2EB410F28D94FF0E640CB
:10C92000B0EB410F94BF00204FF0FF300090009813
:10C93000002861DB60EE000A10F0010F45D010F016
:10C94000020FDFED391A9FED391A00EEE11ADFED23
:10C95000381A40EE811A21EEA01AF0EE400A40EE9D
:10C96000010A08BFF1EE600AB0EE600A08BD314B63
:10C9700021F0004293423CD911F0004FDFED2E0A26
:10C9800020EE201ADFED2D0A19BF31EE601A71EE8C
:10C99000200A31EE201A71EE600ABDEEE01A11EEA7
:10C9A000100A9FED271A00F0030000EEC10A9FED68
:10C9B000251A009000EEC10A9FED231A00EEC10A6D
:10C9C0009FED221A00EEC10AB1E79FED211A9FEDFB
:10C9D000210A10F0020F00EE810A9FED1F1A00EEEF
:10C9E000801AB7EE000A00EE810A18BFB1EE400AC5
:10C9F00008BD01F023FD9AE710EE100A4000B0F1E7
:10CA00007F4F3CBFB7EE000A08BD07D14FF00100D1
:10CA100001F0CEFDBDE8084001F000BDBDE80840D2
:10CA200001F0F6BCB61F927E336D4C39DA82083CB9
:10CA3000A0AA2ABE490E494683F9223F0000004BB6
:10CA40000000C93F00A0FD390020A2331A61342C38
:10CA5000B93AB2BACA9F2A3DDDFFFFBE10B52DED2F
:10CA6000040B86B09DED060B10EE100A10EE901A26
:10CA70008DED000B002818BF0120084320F0004076
:10CA8000C0F17F6000F1E040C00F21D19DED080BA7
:10CA900010EE101A10EE900A8DED000B002918BF51
:10CAA0000121084320F00040C0F17F6000F1E04028
:10CAB000C00F0DD129490798B1EB400F04BF06986C
:10CAC000002842D00998400004BF089800283CD0B4
:10CAD0009DED080B53EC102B9DED060B51EC100B4C
:10CAE000F3F73BFFCDE902019DED020B40F2FF7130
:10CAF00010EE900A8DED000B31EA105021D007980E
:10CB0000039900F0004001F00041884219D09DEDEA
:10CB1000080B8DED040B9DED020B8DED000B10EE5F
:10CB2000900A059961F31E0005909DED041B9DED93
:10CB3000020B51EC110B53EC102BF3F788FCCDE9F1
:10CB400002019DED020B0AB010BD012001F030FD85
:10CB50000AB0BDE8104001F02BBC00000000E0FF6F
:10CB60002DE9F04D2DED040B2DED0E8B96B0DDE98A
:10CB70002550279CDDF890A025F0004624F00048C1
:10CB8000BAF1000F14BF0121002101EB4502FC495D
:10CB900053184A1093422AD3002814BF01230023BC
:10CBA00003EB44030B44F7498B4220D358EA0001BE
:10CBB0009FEDF59B76D0DFF8D8B35D4503D1BAF190
:10CBC000000F05D188E0BAF1000F08BF002100D0A6
:10CBD000012101EB450111F5001F08D8002814BF01
:10CBE0000121002101EB440111F5001F0BD99DED3E
:10CBF000261B9DED240B16B0BDEC0E8B04B0BDE8DA
:10CC0000F04D01F0CBBB0027002DBCBFE1498845AA
:10CC100021DAE1498845A8BF02271CDAC3451ADC9E
:10CC2000DE4901EB2851142908DDC1F1340220FA54
:10CC300002F101FA02F282420DD108E058B9C1F1C5
:10CC4000140228FA02F101FA02F2424503D101F07E
:10CC50000101C1F1020756EA0A0124D1002C22DAAF
:10CC6000002D18BF022F01D0012F0AD0022001F0A1
:10CC70009FFC16B0BDEC0E8B04B0BDE8F04D01F08A
:10CC80006BBB022001F094FC01F066FB51EC100B31
:10CC900081F0004141EC100B16B0BDEC0E8B04B0DE
:10CCA000BDE8F08D18E09FEDBEAB9FEDBF8B002877
:10CCB00071D1B848804522D105F1804010F580102F
:10CCC00008BFBAF1000F07D0B3450ADC002CA8BF9B
:10CCD0009DED260BE0DA0DE0B0EE490AF0EE690AB0
:10CCE000DAE7002C06DA9DED260B51EC100B81F0F3
:10CCF00000416FE0AE48784490ED000BCCE7D8459A
:10CD00004DD1002C48DA2EB186423AD1BAF1000F4B
:10CD100042D126E0BAF1000F13D0022001F048FC06
:10CD200001F056FB8DED020B9DED240B8DED000BFC
:10CD300010EE900A039961F31E0003909DED020B23
:10CD4000AAE78DED02AB9DED240B1AEE901A10EEC2
:10CD5000900A8DED000B61F31E0003909DED020B18
:10CD60009AE78DED028B9DED240B18EE901A10EED4
:10CD7000900A8DED000B61F31E0003909DED020BF8
:10CD80008AE709DA9DED240B51EC190B53EC102BBB
:10CD9000F3F7D2FB1EE020E09DED240B7CE78642FA
:10CDA0001BDAB4F1804F0DD0A4F10050B0F1FF5068
:10CDB00013D1002D11DB9DED240B51EC100B04F071
:10CDC000FDF807E09DED240B53EC102B51EC100BFC
:10CDD00000F0C2BC41EC100B5EE79DED240B51EC62
:10CDE000100B02F0B7FBBAF1000FCDE90E0142D1F2
:10CDF0009FED710B46B3A6F1E040B0F17F600CD01F
:10CE00005E4538D1002D00DAA7B3022F0CBF0120F8
:10CE10004FF0FF30F3F7FFFBDCE7002D01DD002CC6
:10CE20000DDA002D01DD002C1FDB002D16DA002CA1
:10CE300014DB012F08BF9FED620B3FF42DAFB0EE66
:10CE40004A0AF0EE6A0A27E7022F18BF002D0CD01D
:10CE5000012F0AD1002DFFF61FAF06E0002DB8BF4D
:10CE6000002C08DA012F3FF417AFB0EE480AF0EEBD
:10CE7000680A11E71BE0012000EBE57050EA0701AA
:10CE800015D0791EB0EE498AF0EE698A084308BFD2
:10CE90009FED4D8B4E480025804570DD4D494E4835
:10CEA000884514DDB0420DDB002C19DB2FE001209A
:10CEB00001F07EFB16B0BDEC0E8B04B0BDE8F04D6A
:10CEC00001F076BAB34502DC002C09DC1FE0864293
:10CED00002DA002C1BDA03E05E452BDD002C16DDA8
:10CEE000022001F065FB01F073FA8DED020B53ECAB
:10CEF0001A2B51EC180BF3F7ADFACDE900010399A9
:10CF0000019861F31E0003909DED020BC4E6022020
:10CF100001F04EFB01F06CFA10EE901A18EE900A38
:10CF20008DED020B8DED008B61F31E0003909DEDE6
:10CF3000020BB1E69DED0E0B53EC192B51EC100BCF
:10CF4000F3F782FA9FED260BCDE9080153EC102B85
:10CF50009DED080B51EC100BF3F77CFA9FED221BB3
:10CF600053EC112BF3F773FA9DED081B53EC112BC7
:10CF7000F3F770FA9FED1E1B53EC112B3CE08CE095
:10CF8000FFFF1F00FFFF0F00000000000000F03F48
:10CF90000000F03F0000F07F0000404301FCFFFF75
:10CFA000000000000000F07F000000000000000012
:10CFB000867A0000000000000000000000000080F1
:10CFC000000000000000F0FF000000000000F0BFC3
:10CFD0000000E0410000F043FFFFEF3F00000000D1
:10CFE000000000000000D03F555555555555D53F20
:10CFF000000000000000E03FF3F729FA9DED080B68
:10D0000041EC1A0B53EC102B51EC100BF3F722FAF6
:10D0100053EC1A2BF3F71EFA41EC1A0B9FEDFE0BA3
:10D0200053EC102B9DED080B51EC100BF3F712FA9B
:10D0300041EC1B0B9FEDFA0B51EC1A0B53EC102B30
:10D04000F3F708FA41EC1A0B9FEDF70B53EC102B9A
:10D050009DED080B51EC100BF3F7FCF953EC1A2B78
:10D06000F3F7F2F941EC1A0B51EC1B0B53EC1A2BB2
:10D07000F3F749F90690CDE906519DED060B53EC07
:10D080001B2B51EC100BF3F7DFF953EC1A2BF3F7D2
:10D09000DEF941EC100B00F0A1B90020B6F5801FBD
:10D0A0000EDA9FEDE30B53EC102B9DED0E0B51ECC4
:10D0B000100BF3F7CFF9CDE90E016FF034000E46F7
:10D0C00000EB2650A0F2FF37C6F31300DA4940F018
:10D0D0007F6646F040568842D8BF002408DDD74915
:10D0E0008142C8BF012403DC0024A6F580167F1C02
:10D0F000D348784400EBC4000F9690ED00CB9DED33
:10D100000E0B53EC1C2B51EC100BF3F79DF99DED1E
:10D110000E0B41EC1B0B53EC1C2B51EC100BF3F7DB
:10D12000F2F841EC100B51EC190B53EC102BF3F708
:10D1300003FA41EC1D0B51EC1B0B53EC1D2BF3F7C9
:10D1400089F941EC1A0BBF488DED10AB784410956E
:10D1500090ED000B4FF0005040EA660000EB844079
:10D160008DED080B00F5002009909DED080B53ECA8
:10D170001C2B51EC100BF3F767F99DED0E1B53ECD4
:10D18000112BF3F764F941EC100B53EC102B9DEDD0
:10D19000100B51EC100BF3F75DF99DED080B41EC12
:10D1A0001C0B53EC102B9DED100B51EC100BF3F7F7
:10D1B00051F953EC1B2BF3F74AF953EC1C2BF3F703
:10D1C00043F953EC1D2BF3F745F941EC1C0B53ECE1
:10D1D0001A2B51EC1A0BF3F73DF941EC1B0B9A4853
:10D1E0000621B0EE4B0AF0EE6B0A784400F0A0FF87
:10D1F000B0EE401AF0EE601AB0EE41DAF0EE61DA0D
:10D2000053EC1B2B51EC1B0BF3F724F953EC1D2BA8
:10D21000F3F720F99DED100B41EC1B0B53EC1A2B8F
:10D2200051EC100BF3F76FF853EC1C2BF3F712F9DA
:10D2300053EC1B2BF3F767F89DED100B41EC1B0B28
:10D2400053EC102B51EC100BF3F704F941EC1D0BD0
:10D250009FED7FEB53EC1E2BF3F755F853EC1B2B94
:10D26000F3F751F80890CDE908519DED080B53EC08
:10D270001E2B51EC100BF3F7E7F853EC1D2BF3F7D3
:10D28000E3F853EC1B2BF3F7E2F89DED080B41ECB0
:10D290001D0B53EC102B9DED100B51EC100BF3F705
:10D2A000D9F841EC1B0B53EC1A2B51EC1D0BF3F787
:10D2B000D1F89DED080B41EC1A0B53EC102B51ECFF
:10D2C0001C0BF3F7C7F853EC1A2BF3F71CF841ECDF
:10D2D0001A0B51EC1B0B53EC1A2BF3F714F80C90B0
:10D2E000CDE90C519DED0C0B53EC1B2B51EC100BAD
:10D2F000F3F7AAF853EC1A2BF3F7A9F841EC1B0B40
:10D300009FED550B53EC102B9DED0C0B51EC100BBE
:10D31000F3F7A0F841EC1A0B9FED510B51EC1B0BEE
:10D3200053EC102BF3F796F841EC1B0B9FED4E0BD3
:10D3300053EC102B9DED0C0B51EC100BF3F78AF80E
:10D3400053EC1B2BF2F7DFFF41EC100B48487844FD
:10D3500000EBC40090ED001B51EC100B53EC112BB3
:10D36000F2F7D1FF41EC1B0B3846F3F754F9CDE946
:10D37000080153EC1B2B51EC1A0BF2F7C4FF41ECE4
:10D38000100B3C48784400EBC40090ED00CB51EC0E
:10D39000100B53EC1C2BF2F7B6FF9DED081B53EC62
:10D3A000112BF2F7B0FF0690CDE906519DED080B69
:10D3B00053EC102B9DED060B51EC100BF3F744F8DA
:10D3C00053EC1C2BF3F740F853EC1A2BF3F73CF813
:10D3D00053EC1B2BF3F73BF841EC100B9DED261B98
:10D3E00053EC102B8DED001B00959DED260B51ECA1
:10D3F000100BF3F72FF89DED000B41EC1A0B53ECDB
:10D40000102B9DED260B51EC100BF3F71DF89DED45
:10D41000061B53EC112B2FE0000000604715F73F6F
:10D42000FE822B654715F73F44DF5DF80BAE543E97
:10D4300000000000000040438E9803007AB60B0005
:10D44000D2750000307600000A7500000000000070
:10D450000000000000000840000000E009C7EE3FA7
:10D46000FD033ADC09C7EE3FF5015B14E02F3EBE39
:10D470009673000050730000F2F7ECFF53EC1A2B88
:10D48000F2F741FF9DED060B41EC1A0B53EC102B0C
:10D490009DED000B51EC100BF2F7DCFFCDE90C0118
:10D4A0009DED0C0B51EC1A0B53EC102BF2F72BFFEC
:10D4B000CDE902010C46AA498C422FDB611A0843D0
:10D4C00018D19DED0C0B53EC102B9DED020B51EC84
:10D4D000100BF2F7B9FF41EC1B0B9FEDA30B51ECC6
:10D4E0001A0B53EC102BF2F70EFF53EC1B2BF3F738
:10D4F000DDF82DD2022001F05BF800F069FF10EE9C
:10D50000901A18EE900A8DED020B8DED008B61F3F1
:10D510001E0003909DED020BFFF7BEBB944A24F062
:10D520000041914214D39349214408437FF4EFAC66
:10D530009DED0C0B53EC102B9DED020B51EC100BE1
:10D54000F2F782FF53EC1A2BF3F7B0F87FF6DFAC5B
:10D5500024F000408849894A002601EB205182428C
:10D560002BDA481C4FF4801121FA00F02044844A41
:10D57000C0F30A517A44A1F2FF3192ED000B814AC7
:10D580008DED080BCA4020EA0202C0F3130040F4FC
:10D590008010C1F1140120FA01F60992002CB8BFE5
:10D5A00076429DED080B53EC102B9DED0C0B51ECCE
:10D5B000100BF2F749FFCDE90C019DED0C0B51EC7E
:10D5C0001A0B53EC102BF2F79EFE9FED6F0B089099
:10D5D000CDE9085153EC102B9DED080B51EC100BCD
:10D5E000F2F738FF41EC1B0B9FED690B53EC102B4E
:10D5F0009DED080B51EC100BF2F72CFF9DED0C0B81
:10D6000041EC1C0B53EC102B9DED080B51EC100B57
:10D61000F2F71AFF53EC1A2BF2F719FF9FED5E1B7E
:10D6200053EC112BF2F716FF53EC1C2BF2F76BFEA9
:10D6300041EC1A0B51EC1B0B53EC1A2BF2F763FE67
:10D64000CDE902019DED020B53EC1B2B51EC100BAD
:10D65000F2F7FAFE53EC1A2BF2F7F9FE9DED020BEE
:10D6600041EC1A0B53EC102B51EC100BF2F7F2FEBD
:10D67000CDE908014A489DED080B0521784400F0EA
:10D6800057FD9DED081B51EC100B53EC112BF2F7DD
:10D69000E1FE9DED021B53EC112BF2F7D8FECDE914
:10D6A00006019DED020B53EC1A2B51EC100BF2F717
:10D6B000D1FE53EC1A2BF2F726FE9FED3B0B41EC0B
:10D6C0001A0B53EC102B9DED060B51EC100BF2F7DF
:10D6D000BBFE9DED060B41EC1B0B53EC102B9DED9F
:10D6E000020B51EC100BF2F7B5FE53EC1B2BF2F7CB
:10D6F00023FF53EC1A2BF2F7A7FE9DED021B53EC10
:10D70000112BF2F7A1FE53EC192BF2F7A0FECDE995
:10D71000020101EB065001150029C8BF039015DC7A
:10D720009DED020B324651EC100BF3F7FFF8FEF7BC
:10D730006BFF042808BF00F05BFE32469DED020B34
:10D7400051EC100BF3F7F2F8CDE902019DED020B5D
:10D7500051EC180B53EC102BF2F77CFEFFF73ABBA1
:10D760000000904000000000FE822B654715973CAA
:10D7700000CC904000346F3F01FCFFFF0000E03F11
:10D7800008720000FFFF0F0000000000432EE63F7C
:10D79000396CA80C615C20BEEF39FAFE422EE63FE0
:10D7A000A870000000000000000000000000004021
:10D7B00010B52F499FED2C1B2DED020B84B0059861
:10D7C00020F000408842DCBF00209DED040B32DDDC
:10D7D0002849884209D1049840B94FF0010000F06F
:10D7E000E7FE00F0E5FD06B010BD05DB9DED040B86
:10D7F00000F0CAFD06B010BD68469DED040B00F0B8
:10D80000C3F910F0030011D0012818D09DED021BC0
:10D810009DED000B02281AD000F0D2FB51EC100B4A
:10D8200081F0004106B041EC100B10BD9DED021BD4
:10D830009DED000B012000F0F7FC06B010BD9DED42
:10D84000021B9DED000B00F0BBFB06B010BD0120DC
:10D8500000F0EAFC51EC100B81F0004106B041EC05
:10D86000100B10BD000000000000000000000000D0
:10D87000FB21E93F0000F07F00B510EE101A2DEDFE
:10D88000028B81B0524A6846B2EB410F2ED94FF05D
:10D89000E640B0EB410F94BF00204FF0FF30009006
:10D8A0000098B0EE408A00286ADB10F0010F4BD0E0
:10D8B00068EE080A9FED471A9FED470A00EE810ABD
:10D8C0009FED461A10F0020F00EE801AB7EE000A24
:10D8D00000EE810A02BF01B0BDEC028B00BD00BFAB
:10D8E00001B0B1EE400ABDEC028B00BD3C4B21F013
:10D8F0000042934241D911F0004FDFED3A0A20EE89
:10D90000201ADFED390A19BF31EE601A71EE200AD4
:10D9100031EE201A71EE600ABDEEE01A11EE100A27
:10D920009FED321A00F0030000EEC10A9FED301A9D
:10D93000009000EEC10A9FED2F1A00EEC10A9FED84
:10D940002E1A00EEC10AABE728EE080A9FED2B1A4B
:10D95000DFED2B0A10F0020F40EE410A9FED291A6D
:10D9600000EE201A61EE000AB0EE480A08EE200A26
:10D97000B6D101B0BDEC028B00BD00F05FFD8FE7BA
:10D9800018EE100A4000B0F17F4F0DD218EE100AC9
:10D99000FEF752FE042808BF00F048FDB0EE480A2A
:10D9A00001B0BDEC028B00BD09D1012000F000FEEA
:10D9B00001B0BDEC028B5DF804EB00F02FBD01B0AF
:10D9C000B0EE480ABDEC028B5DF804EB00F020BD20
:10D9D000B61F927EB93AB2BACA9F2A3DDDFFFFBE9A
:10D9E000490E494683F9223F0000004B0000C93F21
:10D9F00000A0FD390020A2331A61342C336D4C395C
:10DA0000DA82083CA0AA2ABE00B510EE101A2DED4D
:10DA1000028B81B04D4A6846B2EB410F3CD94FF0C2
:10DA2000E640B0EB410F94BF00204FF0FF30009074
:10DA30000098B0EE408A00285FDB28EE080ADFED90
:10DA4000440A9FED441A00EE201ADFED430A40EE2F
:10DA5000010A9FED421A00EE201ADFED410A10F094
:10DA6000010F40EE010A9FED3F1A00EE201A61EE11
:10DA7000000AB0EE480A08EE200A02BF01B0BDEC71
:10DA8000028B00BDBFEE001A01B0C1EE000ABDEC72
:10DA9000028BB0EE600A00BD334B21F0004293428E
:10DAA00028D911F0004FDFED310A20EE201ADFED0A
:10DAB000300A19BF31EE601A71EE200A31EE201AD9
:10DAC00071EE600ABDEEE01A11EE100A9FED291A00
:10DAD00000F0030000EEC10A9FED271A009000EE4F
:10DAE000C10A9FED261A00EEC10A9FED251A00EE2D
:10DAF000C10A9DE700F0A2FC9AE718EE100A400068
:10DB0000B0F17F4F0DD218EE100AFEF795FD0428F4
:10DB100008BF00F08BFCB0EE480A01B0BDEC028BF0
:10DB200000BD09D1012000F043FD01B0BDEC028B26
:10DB30005DF804EB00F072BC01B0B0EE480ABDEC39
:10DB4000028B5DF804EB00F063BC0000B61F927E10
:10DB5000BBE9223C0C6D063B8A76CE3CACB5593D08
:10DB600035A1083E29AAAA3E490E494683F9223F1B
:10DB70000000004B0000C93F00A0FD390020A23387
:10DB80001A61342C000000002DE9F14F04462DED00
:10DB9000020B2DED088B8AB09FEDE70B80ED020B99
:10DBA000139EE74826F0004585420ADC9DED120BE6
:10DBB000002084ED000B0AB0BDEC088B03B0BDE87B
:10DBC000F08FE0489FEDE0AB9FEDE1BBA84247DD61
:10DBD000E14F9FEDE39B9FEDE48B9DED120B53EC2A
:10DBE0001A2B51EC100B002E1CDDF2F72DFC41EC32
:10DBF000100BBD4208D053EC1B2B51EC100BF2F76D
:10DC000023FCC4E900010BE053EC192B51EC100B81
:10DC1000F2F71AFC53EC182BF2F716FCC4E90001DA
:10DC20000120C8E7F2F76FFB41EC100BBD4208D0B2
:10DC300053EC1B2B51EC100BF2F765FBC4E9000110
:10DC40000BE053EC192B51EC100BF2F75CFB53EC8F
:10DC5000182BF2F758FBC4E900014FF0FF30AAE798
:10DC6000C348A84279DB9DED120B51EC100B01F07B
:10DC700071FC41EC180B9FEDC00B53EC102BF2F72D
:10DC8000E9FB9FEDBF1B53EC112BF2F73CFBF2F7C6
:10DC900022FF0746F2F7BFFC41EC190B53EC1A2B9D
:10DCA000F2F7D8FB53EC182BF2F7D1FB41EC180B31
:10DCB00053EC1B2B51EC190BF2F7CCFBDFF8C8A28D
:10DCC00041EC100B4FEA15580125FA4453EC102B88
:10DCD00051EC180BF2F7B8FB032DC4E900013DD05D
:10DCE000C1F30A5005EB4511A8EB00001139814240
:10DCF00034DA0AEB051BB0EE48AA9BED000BF0EE00
:10DD000068AA53EC102B51EC190BF2F7A3FB41EC72
:10DD10001B0B51EC1A0B53EC1B2BF2F795FB41EC50
:10DD2000180B51EC1A0B53EC182BF2F78DFB53EC3C
:10DD30001B2BF2F789FB9BED020B41EC1A0B53EC0A
:10DD4000102B51EC190BF2F785FB53EC1A2BF2F761
:10DD50007BFB41EC100B6D1CB8E70EE0002EA8BF5A
:10DD60003846BFF628AF94ED000B51EC100B81F054
:10DD70000041C4E9000178421DE7C6F3130040F4F6
:10DD8000801EC6F30A50A0F2F530471100F01F05BF
:10DD9000C5F12000DDF848B00890002006900790FB
:10DDA0000520EC467949002D07EB0002794408BFB5
:10DDB00051F8221009D051F8223001EB8201AB401A
:10DDC0004A68089922FA01F11943A1FB0E26A1FB2A
:10DDD0000B131A449A4234BF0123002303EB0608B5
:10DDE0000CEB8003D3E901A60E448E4234BF01211F
:10DDF000002192448A4411B1924502D903E0924530
:10DE000001D2012100E00021C3E901A641444CF800
:10DE10002010011EA0F10100C4DC029800F10050A6
:10DE2000850F0298DDE903678000DDF81480F2F7C2
:10DE3000F2FB41EC1A0B3046F2F7FEFB9FED541B50
:10DE400053EC112BF2F706FB41EC1B0B3846F2F7B3
:10DE5000F3FB9FED511B53EC112BF2F7FBFA41EC56
:10DE6000180B4046F2F7E8FB9FED4D1B53EC112BCE
:10DE7000F2F7F0FA41EC190B51EC180B53EC192B9B
:10DE8000F2F741FA53EC1B2BF2F73DFA53EC1A2B45
:10DE9000F2F739FACDE90801002008909DED080B52
:10DEA00053EC1A2B51EC100BF2F7CEFA53EC1B2B60
:10DEB000F2F7CAFA53EC182BF2F7C6FA53EC192B07
:10DEC000F2F7C5FA9FED381B53EC112BF2F7C2FAAB
:10DED0009FED370B41EC180B53EC102B9DED080B0D
:10DEE00051EC100BF2F7B6FA53EC182BF2F70BFAD1
:10DEF0009FED310B41EC180B53EC102B9DED080BF3
:10DF000051EC100BF2F7A6FA53EC182BF2F7FBF9D1
:10DF100041EC100B139810F0004F06D06D4251ECFD
:10DF2000100B81F0004141EC100B284684ED000BF2
:10DF300041E60000000000000000000000000000BA
:10DF4000FB21E93F7CD9024000004054FB21F93F0E
:10DF50003163621A61B4D03DFB21F93F000000003B
:10DF60000000601A61B4D03D7370032E8A19A33B80
:10DF7000FB2139410000000083C8C96D305FE43FD8
:10DF8000000000000000E03FBA6A0000086A0000DC
:10DF9000000000000000103E000000000000103CE7
:10DFA000000000000000103A182D4454FB21F93DF8
:10DFB0003326A611460B113C00000054FB21F93D0D
:10DFC00010B52DED040B2DED088B82B0B0EE419A0B
:10DFD000F0EE619A0B9820F000449FED4BABB4F14A
:10DFE000795F11DA9DED0A0B51EC100BF2F773FD1E
:10DFF000002801BFB0EE4A0AF0EE6A0A02B0BDEC9A
:10E00000088B04BF04B010BD9DED0A0B53EC102B20
:10E0100051EC100BF2F71EFA41EC180B3C480621AC
:10E02000B0EE480AF0EE680A784400F081F853EC4C
:10E03000182B51EC100BF2F70DFA9DED0A0B41EC89
:10E040001B0B53EC192B51EC100BF2F703FA41ECBC
:10E05000190B53EC1B2B51EC180BF2F7FBF953EC9B
:10E06000192BF2F7F1F99FED2C0B41EC190B53EC46
:10E07000102B51EC180BF2F7EDF941EC100B28487E
:10E08000844210DA53EC192B51EC100BF2F7DCF947
:10E0900053EC1A2BF2F7DBF941EC100B02B0BDEC9C
:10E0A000088B04B010BD1F48A042BCBF9FED1E1BD3
:10E0B0008DED001B06DBA4F5001001900020009000
:10E0C0009DED001B51EC100B53EC112BF2F7BCF93A
:10E0D0009DED000B41EC180B53EC102B51EC1A0B7F
:10E0E000F2F7B2F941EC1A0B53EC192B51EC180B67
:10E0F000F2F7AAF953EC1A2BF2F7A9F941EC100B3D
:10E10000CCE7000000000000000000000000F03F2D
:10E110002467000000000000000000000000E03F55
:10E120003333D33F0000E93F000000000000D23F3E
:10E1300070B504462DED028B4D1E00EBC500B0EE10
:10E14000408AF0EE608A90ED000B35F0060017D0A3
:10E1500053EC182B51EC100BF2F77CF941EC100B3F
:10E160006D1E04EBC50090ED001B51EC100B53EC41
:10E17000112BF2F7C8F841EC100B35F00600E7D18F
:10E18000022D36D0042D1CD0062D1CBFBDEC028BF9
:10E1900070BD53EC182B51EC100BF2F75BF994EDBA
:10E1A0000A1B53EC112BF2F7AEF853EC182BF2F7D5
:10E1B00051F994ED081B53EC112BF2F7A4F841EC44
:10E1C000100B53EC182B51EC100BF2F743F994EDB4
:10E1D000061B53EC112BF2F796F853EC182BF2F7C1
:10E1E00039F994ED040B53EC102BF2F78CF841EC59
:10E1F000100B53EC182B51EC100BF2F72BF994ED9C
:10E20000021B53EC112BF2F77EF853EC182BF2F7AC
:10E2100021F994ED001B53EC112BF2F774F8BDECCF
:10E22000028B41EC100B70BD31B504462DED040B93
:10E230002DED0A8BB0EE41BAF0EE61BA0B989DED70
:10E240000A0B20F00040B0F1795F0DDA51EC100BB1
:10E25000FEF7DAF9042808BF00F0CAF89DED0A0BB2
:10E26000BDEC0A8B05B030BD53EC102B51EC100BFC
:10E27000F2F7F0F841EC180B9DED0A0B53EC182B5C
:10E2800051EC100BF2F7E6F841EC190B2C48B0EE0C
:10E29000480AF0EE680A05217844FFF749FF9FED30
:10E2A0002ACBB0EE40AAF0EE60AA9CB353EC1C2B34
:10E2B00051EC190BF2F7CEF841EC1C0B53EC1A2B76
:10E2C00051EC190BF2F7C6F89FED210B41EC190B3D
:10E2D00053EC102B51EC1B0BF2F7BCF853EC192B41
:10E2E000F2F7B2F853EC182BF2F7B4F853EC1B2BFF
:10E2F000F2F7AAF853EC1C2BF2F7A6F89DED0A1BD7
:10E3000053EC112BF2F7A3F8BDEC0A8B05B041ECEE
:10E31000100B30BDFFE753EC1A2B51EC180BF2F742
:10E3200099F853EC1C2BF1F7EEFF53EC192BF2F795
:10E3300091F89DED0A1B53EC112BF1F7E4FFE3E795
:10E34000D465000000000000495555555555C5BF1E
:10E35000000000000000E03F9FED070B10B553ECFC
:10E36000102B9FED070B51EC100BF2F7E5F841EC89
:10E37000100B10BD000000000000000000000000B5
:10E38000000000000000F03F10B553EC102B51ECE2
:10E39000100BF1F7B8FF41EC100B10BD10B553ECAA
:10E3A000112B51EC100BF1F7AEFF41EC100B10BD2F
:10E3B0009FED050B10B553EC102B51EC100BF2F741
:10E3C000BBF841EC100B10BD000000000000000085
:10E3D0009FED050B10B553EC102B51EC100BF2F721
:10E3E00039F841EC100B10BD000000000000007077
:10E3F0009FED050B10B553EC102B51EC100BF2F701
:10E4000029F841EC100B10BD0000000000000010C6
:10E4100030EE000A704730EE200A7047DFED020A46
:10E4200080EEA00A70470000000000009FED020A85
:10E4300020EE000A70470000000000102DE9F001F6
:10E440004FF07F42B2EB410F9FBF4FF0FF310160B1
:10E45000BDE8F00170474FF0004242EA0123C1F3EA
:10E46000C752783A551112F01F0C434CCCF12006DC
:10E470007C44C1F3C752A2F178024FEA621204EB66
:10E48000820254F8254008BFD2E9015612D05568DF
:10E4900004FA0CF425FA06F73C43976805FA0CF5E4
:10E4A00027FA06F8D26807FA0CFCF24045EA08059C
:10E4B0004CEA0206A4FB034CA5FB0352A6FB036334
:10E4C0001D449D4234BF012600261319334416B162
:10E4D000934202D903E0934201D2012200E00022DC
:10E4E000624402F1200C9206DC0C42EA443200EE57
:10E4F000102A5B03DFED210AF8EEC01A00EE103A95
:10E500004FEA9C1C11F0004FB8EE400AC0F800C062
:10E5100020EE201A00EE105ADFED190AB8EE400A7C
:10E5200020EE200A71EE810A70EE800A10EE902A29
:10E5300002F500626FF30B0200EE902A70EEE11A12
:10E5400031EEC11ADFED101A30EE411A9FED0D0ABF
:10E5500020EE800A01EE210A9FED0C1A00EE810ADE
:10E5600004BFBDE8F0017047CCF180510160BDE807
:10E57000F001B1EE400A7047DC6300000000003695
:10E580000000802C22AAFD29DB0FC92F0000C92F13
:10E5900002E008C8121F08C1002AFAD1704770476C
:10E5A000002001E001C1121F002AFBD170470000CA
:10E5B0000149086070470000C80200202DE9FF5F94
:10E5C00082B00021DDE90430020DDDF840B00343E4
:10E5D00018D044F61050A2F2FF324243151411989D
:10E5E00001281FD0A5EB0B00401C5FEA000A4FF08A
:10E5F00000064E4FDFF83891B046504615D5CAF1A7
:10E60000000413E0119801244AA3012801D16FEA04
:10E610000B010298119AC0E90031C0E9024206B02C
:10E62000BDE8F09FCBF10000DFE704460021404A3F
:10E63000491842EB0450CDE9001012E0E00707D082
:10E6400032463B4640464946F1F704FF804689463C
:10E6500032463B4610461946F1F7FCFE06460F4689
:10E660006410002CEAD1DDE90401DDE90023BAF1F0
:10E67000000F06DAF1F7EEFE42464B46F1F7EAFEEE
:10E6800005E0F1F759FF42464B46F1F755FF0446C6
:10E690000E460022284BF2F709F803D84FF0FF305E
:10E6A000014607E00022254B20463146F1F72BFEBC
:10E6B000F2F796F9102409E0002C0ADB0A22002365
:10E6C000F2F73EF8039B30321A55641E50EA0102FD
:10E6D000F2D1641C039AC4F111031444119A012A63
:10E6E00003D0012208430DD10AE0084304D00020E2
:10E6F0004FF0110B119072E7A3EB0B056D1E0DE0AF
:10E700005B4504DD4FF0000205F1010504E003DA8A
:10E710004FF00002A5F10105002AECD002981199F2
:10E72000C0E90231C0E9004579E70000000014406B
:10E730000000F03F300000000000F0430000E03F28
:10E740002DE9FF4F95B09A46884606460025EEE132
:10E75000252877D100242746F94A0121039400E0B7
:10E76000044316F8013F203B01FA03F01042F7D1B1
:10E7700030782A2811D06FF02F033078A0F13002C2
:10E78000092A16D8039A44F0020402EB820203EB32
:10E7900042021044761C0390EFE758F8042B0392D2
:10E7A000002A03DA504244F40054039044F0020477
:10E7B000761C30782E2816D116F8010F44F0040488
:10E7C0002A280DD06FF02F023078A0F13003092BEA
:10E7D00009D807EB870302EB4303C718761CF3E75E
:10E7E00058F8047B761C30786C280FD006DC4C2857
:10E7F00017D068280DD06A2814D104E0742810D0EE
:10E800007A280FD10DE044F400140AE044F4801497
:10E8100001E044F440147278824202D104F580147D
:10E82000761C761C307866280BD013DC582877D0FD
:10E8300009DC002875D04528F6D04628F4D04728B2
:10E840001AD193E118E0632835D0642879D065287F
:10E8500012D18BE1702873D008DC6728F1D06928C9
:10E860006FD06E280DD06F2806D1ACE073282CD065
:10E87000752874D0782853D05246179990476D1C4C
:10E8800054E1C4F30250022809D003280DD0D8F86F
:10E89000001004280DD00D6008F1040846E1D8F8F6
:10E8A0000010EA17C1E90052F6E7D8F800100D8011
:10E8B000F2E70D70F0E718F8041B8DF80010002047
:10E8C0008DF80100EB46012003E058F804BB4FF03F
:10E8D000FF3061074FF0000102D40DE009F10101A2
:10E8E0008946B9420FDA8145F8DB1BF80910002987
:10E8F000F4D108E009F1010189468142FADB1BF8F5
:10E9000009100029F6D103985346A0EB09072146C8
:10E910003846179A00F080FA284400EB090507E012
:10E9200044E008E10DE01BF8010B524617999047AF
:10E93000B9F10109F7D2534621463846179AF2E059
:10E9400039E00A21C4F302524FF0000B0091022A71
:10E9500006D058F8040BC117032A09D00AE023E0B7
:10E9600008F1070020F00702F2E80201904605E0F6
:10E9700000B2C117042A01D140B2C117002906DA3A
:10E980000A460021404261EB02012D2202E02205ED
:10E9900004D52B228DF80420012203E0E20701D0E8
:10E9A0002022F7E7914657E00A2100E010214FF0BE
:10E9B000000B00910BE010214FF0000B44F0040419
:10E9C0000827009103E008204FF0000B0090C4F3EB
:10E9D0000252022A05D058F8040B0021032A08D05D
:10E9E00008E008F1070020F00702F2E80201904673
:10E9F00003E080B2042A00D1C0B24FF00009220720
:10EA00002AD53278702A07D0DDF800C08CF0100CBF
:10EA10005CEA0B0C05D00EE040228DF804200122A8
:10EA200008E050EA010306D030238DF804308DF859
:10EA3000052002229146009B83F0080353EA0B0352
:10EA40000AD150EA010201D1620705D530228DF8C2
:10EA500004204FF001097F1E3278582A04D039A2D1
:10EA60000C920CAA02920BE03BA2F9E75B46009ADB
:10EA7000F1F766FE0C9B9B5C029A521E0292137089
:10EA800050EA0102F2D1029804A9081A00F1200B01
:10EA9000600702D524F4803400E001275F4502DDE1
:10EAA000A7EB0B0000E0002000EB0B0100900398A7
:10EAB0004944401A0390E00306D453462146179A6E
:10EAC000039800F0A9F90544002706E001A8524682
:10EAD000C05D179990476D1C7F1C4F45F6DBE00326
:10EAE0000CD553462146179A039800F095F9054432
:10EAF00004E030205246179990476D1C0099481E3B
:10EB000000900029F5DC08E002980299524600784E
:10EB1000491C0291179990476D1CBBF10001ABF1A4
:10EB2000010BF1DC5BE100F065F90544761C3078FF
:10EB300000287FF40DAE19B02846BDE8F08F000024
:10EB400009280100303132333435363738396162C3
:10EB50006364656600000000303132333435363787
:10EB6000383941424344454600000000600700D464
:10EB7000062708F1070020F00700F0E8022380468E
:10EB800003F0004C5FEA0C0001D097A009E02005DB
:10EB900001D596A005E0E00701D095A001E0AFF215
:10EBA0004C001390307823F0004365280CD006DC2D
:10EBB000452809D046281DD047287FD13BE066284C
:10EBC00018D067287AD136E00021112F01DB1120FF
:10EBD00000E0781CCDE9000104A90CA8FFF7EEFCC9
:10EBE000DDE90D010C9A4FF0000B07F101091092BD
:10EBF00000914EE04FF000400097CDE9011004A9CC
:10EC00000CA8FFF7DBFCDDE90D020C9B0F994FF020
:10EC1000000B91461093009211B9791C00EB010989
:10EC2000B7EB090003D4C0F1FF3B07F10109A9EBE1
:10EC30000700019042E0012F00DA01270021112F87
:10EC400001DD112000E03846CDE9000104A90CA83F
:10EC5000FFF7B4FCDDE90D010C9A00914FF0000BB9
:10EC6000B946109221070FD4009A4A4503DA91461B
:10EC700001E0A9F10109B9F1010F05DD109AA9F12F
:10EC80000101515C3029F4D0B84202DA10F1040FCE
:10EC900003DA0121CDE9011010E0002803DC8344F0
:10ECA000A9EB000102E0411C494500DD8946A0EBCB
:10ECB0000B00401C01904FF000400290200705D44B
:10ECC0000198484502DB4FF0FF30019000208DF89D
:10ECD0004B0002980DF14B07B0F1004F25D00220F8
:10ECE0000C902B200D90029800280CDA40420290E4
:10ECF0002D200D9007E00A210298F1F70BFD30312D
:10ED0000029007F8011D0C99481E0C900029F2DCB6
:10ED100002980028EFD1791E0D980870307800F025
:10ED2000200040F0450007F8020D11A8C01BC01DCF
:10ED300002901398007800B1012000EB09010198BE
:10ED400001EBE071029801440398401A401E0390C1
:10ED5000E00306D453462146179A039800F05CF866
:10ED600005441398007818B15246179990476D1CC6
:10ED7000E00323D553462146179A039800F04CF838
:10ED800005441BE0BBF1000F07DB0098584504DD8C
:10ED90001098179910F80B0001E01799302052468F
:10EDA000904701980BF1010B401E05F10105019000
:10EDB00004D12E205246179990476D1CB9F10001DD
:10EDC000A9F10109DEDC05E017F8010B524617999D
:10EDD00090476D1C0299481E02900029F4DC5346AE
:10EDE0002146179A03989EE62D0000002B00000094
:10EDF000200000002DE9F041044600251E4617467C
:10EE0000880404D405E039462020B0476D1C641EF8
:10EE1000F9D52846BDE8F0812DE9F04104460025EA
:10EE20001E469046C80301D5302700E020278804FD
:10EE300004D505E041463846B0476D1C641EF9D53F
:10EE40002846BDE8F0814A68002A06D00A68531CAB
:10EE50000B6010704868401E486070470A68531C79
:10EE60000B601070704700000FB44FF480712DE9F3
:10EE7000F041054608AB1348079AFDF7ABFB0028A5
:10EE800017DBFF2800DDFF2000240E4E87B207E0CD
:10EE9000315D2846FAF7D0FC00280AD0641CA4B2E1
:10EEA000A742F5D8084801E0401E06D02988490647
:10EEB000FAD5BDE8F0015DF814FB04490868401C70
:10EEC0000860F6E7E87E0020A0860100A800002088
:10EED00010B52DED068BB0EE41AAB0EE609AF0EEC3
:10EEE000408A9FED2E8A01F0E5FDF0EE409AB0EEEB
:10EEF000480AFEF7C1FC09EEC08AB0EE490A01F0EB
:10EF0000D9FDF0EE409A9FED260AFEF7B5FC09EE1A
:10EF1000C08AB0EE4A0A01F0CDFDF0EE409A9FEDB6
:10EF2000210AFEF7A9FC09EEC08A18EE900A1E49D4
:10EF300088421BDA79EE4A0A1C49B7EE000A10EE45
:10EF4000900A884206DC10EE900A1949884201D9DD
:10EF5000BFEE000A9FED171A71EE681AC1EE810A22
:10EF60009FED151A20EE010A00EE208ABFEE081A66
:10EF7000F7EE080AB0EE480AB4EEC10AF1EE10FA54
:10EF800004D2B0EE410ABDEC068B10BDB4EEE00A2F
:10EF9000F1EE10FAF7DDB0EE600AF4E700000000D1
:10EFA000DB0F493FDB0F49BF6666663F8FC2F53D09
:10EFB0008FC2F5BD6666663F9A99193F10EE100A3A
:10EFC0000F49884202DB9FED0F0A704710EE100ACE
:10EFD0000D499FED0E1A884202DCB0EE410A7047DF
:10EFE000DFED0B0AF6EE081A30EE600AC0EE210AD9
:10EFF000DFED081AB0EE410A00EEA10A70470000EA
:10F000006666663F9A99993E9A99193EB81E053EE2
:10F010009A99193E7C142E3E144800219FED140A43
:10F020008171C17180ED030A4171DFED120A80F830
:10F030003410C0ED040ADFED100A80ED050AC0EDC2
:10F04000060A017041708170C1700171017280ED1A
:10F05000070A80ED080A80ED090A80ED0A0A80EDB2
:10F060000B0A80ED0C0AF3F7F7BF0000F87F0020D1
:10F0700000000000CDCCCCBDCDCC4C3EB4EEE00ABF
:10F08000F1EE10FA02D2B0EE600A7047B4EEC10A97
:10F09000F1EE10FAF9DDB0EE410A704708B500F064
:10F0A000C3FA00903221684602F0F8FE00F008F83A
:10F0B000FCF7A2FBFCF7CEFBF2F7FEFAF2E700004A
:10F0C0002DE9F04FF04C7B2086B020708046DFF8B1
:10F0D000BCB37D20A075DBED070A9BED0A0AF6EEB6
:10F0E000001AA4F10C0130EE801A21EE211ADFED96
:10F0F000E81A30EE600A81EC021ADBED001AC0EE6D
:10F10000210AC1ED020A9FEDE30A0025DFF888E33A
:10F1100021EE001A60EE800ABDEEC11AFDEEE00A93
:10F1200011EE100A0FFA80FC10EE900AA4F802C04B
:10F13000A58007B2E780BEF9201021818946BEF87C
:10F140001E1049420EB26681BEF92230A381BEF97B
:10F150001A20E281BEF81800404201B2CF48218255
:10F1600040785FEA000A7CD06582DBED130A60EE2E
:10F17000800AFDEEE00A10EE900AA08284F8188062
:10F1800084F819A04FEA1C2884F81A8084F81BC060
:10F190004FEA152C84F81CC065774FEA172C84F8C9
:10F1A0001EC0E7774FEA192784F8207084F8219071
:10F1B000370A84F8227084F823601E0A84F82460D9
:10F1C00084F82530130A84F8263084F827200A0AA8
:10F1D00084F8282084F8291034F8121F0A0A2276AD
:10F1E0006176010AA176E076A74816211830F2F779
:10F1F00029FD207720796077A34C7C263034A84BFA
:10F2000026727F20E073D3ED030AFDEEE00A10EED4
:10F21000900A608119792173DA7962732670060A7F
:10F220006670A070E17022719879607106212046A5
:10F23000F2F708FDA071E07BE0711034FA20207035
:10F24000FC20A0749748016800EE901A60EE800AD6
:10F25000FDEEE00A10EE902A00EE901A1212627093
:10F2600000E00CE160EE800AFDEEE00A10EE901A7C
:10F27000A170416800EE901A60EE800AFDEEE00A8F
:10F2800010EE902A00EE901A121260EE800AE270E0
:10F29000FDEEE00A10EE901A2171816800EE901ADE
:10F2A00060EE800AFDEEE00A10EE902A00EE901A61
:10F2B000121260EE800A6271FDEEE00A10EE901A02
:10F2C000A171C16800EE901A60EE800AFDEEE00ABE
:10F2D00010EE902A00EE901A121260EE800AE2718F
:10F2E000FDEEE00A10EE901A2172016900EE901A0C
:10F2F00060EE800AFDEEE00A10EE902A00EE901A11
:10F30000121260EE800A6272FDEEE00A10EE901AB0
:10F31000A172406900EE900A60EE800AFDEEE00AFC
:10F3200010EE901A00EE900A091260EE800AE17267
:10F330001121FDEEE00A10EE900A20736573A573AB
:10F34000E57325742046F2F77DFC6074564800781A
:10F3500000287DD055481334D0ED000A60EE800AB5
:10F36000FDEEE00A10EE901AADF80010D0ED010AA3
:10F3700060EE800AFDEEE00A10EE901AADF8021081
:10F38000D0ED020A60EE800AFDEEE00A10EE901A5F
:10F39000ADF80410D0ED030A60EE800AFDEEE00A3D
:10F3A00010EE901AADF80610D0ED040A60EE800A57
:10F3B000FDEEE00A10EE901AADF80810D0ED050A47
:10F3C00060EE800AFDEEE00A10EE901AADF80A1029
:10F3D000D0ED060A60EE800AFDEEE00A10EE901A0B
:10F3E000ADF80C10D0ED070A60EE800AFDEEE00AE1
:10F3F00010EE901AADF80E10D0ED080A60EE800AFB
:10F40000FDEEE00A10EE901AADF81010D0ED090AEA
:10F4100060EE800AFDEEE00A10EE901AADF81210D0
:10F42000D0ED0A0A60EE800AFDEEE00A10EE901AB6
:10F43000ADF81410D0ED0B0A20EE800ABDEEC00A24
:10F4400010EE100AADF81600FB202070002000E03E
:10F4500012E06B4604EB400233F81010401C0D0A1A
:10F46000557091700C28F5DB074819215330F2F7DD
:10F47000E9FB60767D20A07606B0BDE8F08FBEF88F
:10F480001C00608271E60000088A00204C87002082
:10F490000000000000007A4448880020A88700206F
:10F4A000F87F0020C40100203C020020F88C0020DE
:10F4B00010B504460420F8F765FE0A484FF47A7147
:10F4C000047014FB01F1012242804FF0E020026938
:10F4D00042F0020202614161016941F001010161F2
:10F4E00010BD0000A000002070B5044603F060FBD2
:10F4F00001280CD0094D6888844203D3B4FBF0F096
:10F5000002F0A0FC6888B4FBF0F100FB11444FF45A
:10F510007A706043BDE8704000F002B8A00000209F
:10F5200070B54FF0E02500216C69094AAB6912788B
:10F530005043AA699A42FCD002D2A3EB020302E034
:10F54000A4EB02063344194413468142F1D370BD43
:10F55000A000002082B0CDE9000121F00040019020
:10F560009DED000B02B051EC100B704710B5044636
:10F57000C1B20248FAF760F9204610BD004C0040C5
:10F5800010B5002821D0114B0022001F196803E09C
:10F59000814203D80A4649680029F9D152B113685B
:10F5A000841A9C4204D1006818441060104602E09E
:10F5B000506000E0186039B102680B1A934203D121
:10F5C0000B681A4402604968416010BDC002002007
:10F5D000012805D0022805D0032805D003A07047D4
:10F5E00004A0704705A0704706A07047756E6B6E4B
:10F5F0006F776E0056312E300000000056312E31EC
:10F600000000000056312E3200000000012801D019
:10F6100001A0704702A07047756E6B6E6F776E0029
:10F6200056312E303000000010B503F0C1FA012829
:10F6300003D0BDE8104003F0C9BA0148406810BDCE
:10F64000A000002010B50021D020F5F7BDF9EA2870
:10F6500003D1BDE8104000F0D7B810BD2DE9F04748
:10F6600086B0814600208846009001900290039069
:10F67000049092462E21D020F5F7A6F960F30704F6
:10F680002D21D020F5F7A0F960F30F24ADF800404C
:10F690003021D020F5F798F960F307042F21D0200E
:10F6A000F5F792F960F30F24ADF802403221D02033
:10F6B000F5F78AF960F307043121D020F5F784F9D2
:10F6C00060F30F24ADF804400F4D00246E4602AFE6
:10F6D00004EBC40005EB400007EB840336F914206B
:10F6E000811C00F013F8641CE4B2032CF0D30298E0
:10F6F000A9F800000398A8F800000498AAF80000F0
:10F7000006B0BDE8F08700007A80002030B50478AC
:10F710006500641C04704A53027802F0070202700C
:10F720000020186031F910401A68401C2244C0B211
:10F730001A600828F6D3D010186030BD2DE9F047C4
:10F7400086B08046002089462D49009001900290A5
:10F750000390049008889246401C08803421D020F1
:10F76000F5F732F960F307043321D020F5F72CF9CF
:10F7700060F30F24ADF800403621D020F5F724F9CE
:10F7800060F307043521D020F5F71EF960F30F244C
:10F79000ADF802403821D020F5F716F960F30704E0
:10F7A0003721D020F5F710F960F30F24ADF80440AD
:10F7B000144D00246E4602AF04EBC40005EB40007C
:10F7C00007EB840336F91420811CFFF79FFF641CAC
:10F7D000E4B2032CF0D30A480299801C0288891AEB
:10F7E000A8F8001042880399891AA9F800108088A7
:10F7F0000499081AAAF8000006B0BDE8F0870000D6
:10F80000C000002044800020FEB500227F21D020CF
:10F81000F5F7C2F901220621D020F5F7BDF90A203B
:10F82000FFF762FE01220621D020F5F7B5F920226C
:10F830007F21D020F5F7B0F907220021D020F5F77D
:10F84000ABF933220121D020F5F7A6F907221121C7
:10F85000D020F5F7A1F931221421D020F5F79CF939
:10F8600000227F21D020F5F797F96420FFF73CFEB6
:10F870000020ADF80000ADF80400ADF80800074620
:10F8800006460546044602AA01A96846FFF756FF48
:10F89000BDF900000744BDF904000644BDF90800A5
:10F8A00005440A20FFF720FE641CE4B2202CEAD3B2
:10F8B0000A4879116B46018071114180691181807C
:10F8C000022200218C2000F00BF803B00822BDE8D2
:10F8D000F04031210C2000F059B80000C200002097
:10F8E0002DE9F04115460C4607461E4630227F2181
:10F8F000D020F5F751F93A460321D020F5F74CF91D
:10F9000022460421D020F5F747F945F08002052171
:10F91000D020F5F741F900227F21D020F5F73CF9FE
:10F920000321D020F5F750F840F0200422460321AF
:10F93000D020F5F731F90520FFF7D6FD24F020029D
:10F940000321D020F5F728F9002408E004F13B005A
:10F95000C1B2D020F5F738F83055641CE4B2AC429F
:10F96000F4D330227F21D020F5F716F90521D020DD
:10F97000F5F72AF802460521D020F5F70DF9BDE884
:10F98000F04100227F21D020F5F706B970B5164668
:10F990000C46054630227F21D020F5F7FDF82A4697
:10F9A0000721D020F5F7F8F822460821D020F5F7F6
:10F9B000F3F832460A21D020F5F7EEF8812209212A
:10F9C000D020F5F7E9F800227F21D020F5F7E4F800
:10F9D0000321D020F4F7F8FF40F020042246032151
:10F9E000D020F5F7D9F80520FFF77EFD24F020029E
:10F9F0000321D020F5F7D0F830227F21D020F5F771
:10FA0000CBF80521D020F4F7DFFF02460521D020F6
:10FA1000F5F7C2F8BDE8704000227F21D020F5F74D
:10FA2000BBB800001CB5234890F8480005280CD14D
:10FA300000210220CDE900010B46C2011EA1214890
:10FA400003F08AF8002002F075FA1F4D1F4C204E7B
:10FA5000A07828B9A87901280AD10520F5F7F2F98C
:10FA6000A078012804D1A87910B90020F5F7EAF9A7
:10FA7000A879A070012810D1E07820B9E879012890
:10FA800009D1F5F7DFF9E078012804D1E87910B958
:10FA90000520F5F7D7F9E879E070607838B10020F3
:10FAA0006070F5F7F7F9B08902F0CCF9D0E70120E2
:10FAB000F6E700004C8700207267625F7461736B29
:10FAC0000000000049690008F87F0020B401002010
:10FAD000187E0020091A00EE901AB8EEE01A00EE27
:10FAE000900AF8EE600A41EE000ABCEEE00A10EE61
:10FAF000100AC0B27047000070B50C462DED028BA5
:10FB000005000ED0002C0CD095ED000AB5EEC00A11
:10FB1000F1EE10FA08D89FED220A80ED000A81ED7F
:10FB2000000ABDEC028B70BDF0EE000A9FED1D8A4D
:10FB300020EE200A80EE081A11EE100AB0F17F5F65
:10FB400001DDB7EE081A94ED000AF1EE410AFFF765
:10FB500095FA84ED000AB0EEC00AF6EE001A60EEE7
:10FB6000080A95ED000A1049B0EE401A00EEA10A0D
:10FB700010EE100A8842D4DDB5EEC00AF1EE10FA9C
:10FB8000CFDDDFED0A1AC1EE800A21EE200A85EDF5
:10FB9000000A94ED000A20EE200A84ED000AC0E776
:10FBA00000000000B072A83E9A99993E9A99993E39
:10FBB0000EB501F087FD0122104919208DE80700DC
:10FBC000002352020EA11148F2F78AF8012802D050
:10FBD0000820F8F73BFB4FF44070F8F79FFB4FF419
:10FBE0004470F8F79BFB0AA0F8F764FB02F0F2FA06
:10FBF0001020F8F72BFB00200EBD0000880000202D
:10FC000073746172745F7461736B00001111010889
:10FC10005B424F4F545D207374617274696E67204C
:10FC20004672656552544F53207363686564756C02
:10FC300065720D0A00000000F0B50B30154D20F084
:10FC400007010024144A0FE003688B420BD38B4258
:10FC500005D95E1A43184768C3E9006700E04368A6
:10FC6000136002C004E0021D10680028ECD1204699
:10FC7000002802D1286808B10020F0BD064A0748D4
:10FC80001060074A121A22F00702C0E9002401207E
:10FC90002860D7E7C4020020C00200203C9E00205C
:10FCA00038A0002018B17F2803D87F3002E07F20E1
:10FCB00070478038C0B2704730B57DA22DED028B01
:10FCC00081B00A210020F5F7EDFD7B48B0F9220054
:10FCD00000EE100AF8EEC00A9FED781A02231A46C9
:10FCE00080EE810A0A21502000F0FCF874A2142151
:10FCF0000020F5F7D7FD734D95ED060A9FED728A4A
:10FD0000DFED728AB5EEC00A0C24F1EE10FA0AD2C9
:10FD10006FA214210F20F5F7C5FD009495ED060A9A
:10FD200020EE080A09E06BA214210F20F5F7BAFDB6
:10FD3000009495ED060A20EE280A142105230846B2
:10FD4000BCEEC00A10EE102AF5F76CFD95ED070A1F
:10FD5000B5EEC00AF1EE10FA0AD25DA214213C20E1
:10FD6000F5F7A0FD009495ED070A20EE080A09E0DA
:10FD700058A214213C20F5F795FD009495ED070A53
:10FD800020EE280A052314214B20BCEEC00A10EEF9
:10FD9000102AF5F747FD50A21E210020F5F782FD3D
:10FDA00095ED090AB5EEC00AF1EE10FA0AD248A2A2
:10FDB0001E210F20F5F776FD009495ED090A20EE3F
:10FDC000080A09E043A21E210F20F5F76BFD0094FD
:10FDD00095ED090A20EE280A05231E211420BCEE09
:10FDE000C00A10EE102AF5F71DFD95ED0A0AB5EED2
:10FDF000C00AF1EE10FA0AD235A21E213C20F5F716
:10FE000051FD009495ED0A0A20EE080A09E031A29E
:10FE10001E213C20F5F746FD009495ED0A0A20EEE0
:10FE2000280A05231E214B20BCEEC00A10EE102A22
:10FE3000F5F7F8FC29A228210020F5F733FD286A00
:10FE4000002808DA22A228211420F5F72BFD0094BF
:10FE5000286A424206E01FA228211420F5F722FD5D
:10FE600000942A6A042328211E20F5F7DBFC1CA23B
:10FE700028213C20F5F716FDE86A002808DA14A2CC
:10FE800028215020F5F70EFD0094E86A424206E072
:10FE900010A228215020F5F705FD0094EA6A0423FA
:10FEA00028215A20F5F7BEFC01B0BDEC028B30BD15
:10FEB000414343454C20000048880020E1FAD044EB
:10FEC000444C3A004C87002000007AC400007A4479
:10FED0002D0000002B00000044523A004D4100006C
:10FEE0004D4200002DE9F84FB5EEC00A0125064647
:10FEF000F1EE10FA4348994690468B4604D2A91E6B
:10FF0000B1EE400A816000E08560FDEEC00A3F4F1F
:10FF10004FF00C03C0ED000AF8EEE00A30EE600A84
:10FF2000DFED390A20EE200ABDEEC00A80ED010A9D
:10FF3000786080680095002801DD2B2200E02D22EA
:10FF400059463046F5F726FC0C2400947868434661
:10FF50005946026806F10800C0B2F5F763FC009547
:10FF600006EBC805A81DC0B20C232E225946F5F792
:10FF700011FC78684FF00A0A426805F10C00642A07
:10FF800033DA06EBC8061236B9F1030F10D0642A33
:10FF900006D2C0B20123002259460094F5F742FC74
:10FFA00078684168F0B291FBFAF20094012317E0FF
:10FFB000C0B20123002259460094F5F733FC78685B
:10FFC0004268F0B20A2A009416DA01230022594648
:10FFD000F5F728FC0094786818354268E8B2E5E740
:10FFE0005946F5F71FFCBDE8F88FB9F1030F05D0AE
:10FFF00092FBFAF2C0B200940223F1E7C0B20323ED
:020000040801F1
:100000000094EDE7B080002000007A44DC0000207E
:10001000F8B51D466FF003036FF002064FF00004C1
:10002000EFF30582A2B1F8B1F1B1EDB9002200926F
:100030006A4602F007FD012818D10098B8B10D49B1
:100040004FF080500860BFF34F8FBFF36F8F0EE00B
:1000500050B149B100232A4602F0D2FA012806D055
:1000600025B16FF0010402E01C4600E03446204652
:10007000F8BD000004ED00E008B51A46EFF3058373
:10008000C3B1002815D0002913D0002A11D113467E
:1000900000926A4602F070FC01280AD100980028FC
:1000A00007D008494FF080500860BFF34F8FBFF36F
:1000B0006F8F08BD0028FCD00029FAD0002302F081
:1000C000A3FB08BD04ED00E02DE9F041184E0F46FA
:1000D0000446F5683068001D01F02CFD38B9306821
:1000E00090F82C1001208840316981433161601CF7
:1000F00007D137B13168BDE8F0410E48091D01F064
:1001000077BD30682C44AC424460316805D2B06B96
:10011000BDE8F041091D01F053BD706B091D01F0F0
:100120004FFDB06A844200D2B462BDE8F0810000A5
:1001300010000020DC0500202DE9F041054601F00B
:1001400063FD2D4EB068401CB06030682B4F10B17D
:10015000706930B32BE03560B068012827D10024E6
:1001600004EB840007EB800001F01CFD641C202CD4
:10017000F6D3234801F016FD2148143001F012FD9A
:100180001F48283001F00EFD1D483C3001F00AFDEB
:100190001B48503001F006FD194870631430B063FD
:1001A00005E03068E96AC06A884200D83560706A44
:1001B0000121401C70626864E86A32698140114321
:1001C000316100EB800007EB8000291D01F010FD7C
:1001D00001F04CFD706900280CD03068E96AC06AF3
:1001E000884207D207494FF080500860BFF34F8F15
:1001F000BFF36F8FBDE8F081100000200C030020DA
:100200008C05002004ED00E010B501F0FDFC0E4C63
:100210002068A0B90D4801F0C5FC0C48143001F06D
:10022000C1FC0A48E0601430206100221021052042
:1002300002F0B4F9206010B105A101F0CFFDBDE8D6
:10024000104001F013BD00004C000020F00500201C
:10025000546D72510000000070B5124E124D1CE03A
:1002600002F056F8306820B1002402F0B3FDA4B9C2
:1002700001E00124F9E701F0C7FCF068C468201D23
:1002800001F058FCA868401EA8606868401E6860BD
:1002900001F0ECFC204600F052F868680028DFD13D
:1002A00070BD0000C80500201000002030B4026CB2
:1002B0000B46002A0BD0C1681144C1604468A142BA
:1002C00001D30168C16030BC1846EFF7D7BF30BC1E
:1002D00070472DE9F041856B174604460026026CF5
:1002E00082B1C7B1E068EFF7C9FFE168206C091A75
:1002F000E1602268914202D26168081AE060022F30
:1003000016D017E02068A8B9606802F0D1FC064654
:10031000002060600EE0A068EFF7B0FF216CA068DD
:100320000844A0606168884204D32068A06001E0AE
:1003300005B16D1E6D1CA5633046BDE8F08110B59A
:100340000446006B01F0BAFC2046BDE8104001F005
:10035000B5BC000010484FF4F041420706D0C01D64
:100360000D4920F00700411AC1F5F0410B4A002366
:100370000144C2E900030839103A21F00701116075
:100380004B600B600B1AC0E9001393604FF0004004
:100390005360D06070470000180600207C000020E9
:1003A000074E4FF08054074DFFF756FF3068012885
:1003B000FAD92C60BFF34F8FBFF36F8FF4E70000C3
:1003C0000C03002004ED00E02DE9F0470E46DDE9C6
:1003D00009841746824691009946089DA522206B04
:1003E000EFF75EFF6FF00301206B01EB870108441C
:1003F00020F00707780704D040F22B311848F7F7B0
:10040000D7FE00202218315C82F83410315C11B123
:10041000401C1028F6D3002684F84360202D00D31A
:100420001F25E562C4E91356201D01F0C6FB04F147
:10043000180001F0C2FB2461C5F120006462A061D4
:10044000666584F858604A465146384600F01CFB01
:100450002060B8F1000F01D0C8F80040BDE8F08777
:10046000BC21010830B5114900E011460A688242FA
:10047000FBD34B685C18844203D140681844486041
:10048000084643681C18944209D1084C103C246863
:10049000A24209D052681A4442600A681268026097
:1004A000814200D0086030BD0460F9E77C00002084
:1004B00070B5002441600B4D0061914206D8D11AFD
:1004C0008269914206D2011D286907E09A4203D24F
:1004D000994201D3012403E0011DE86801F070FB9B
:1004E000204670BD4C00002010B5044601F08CFB86
:1004F000A06B20B1002401F0B9FB204610BD0124FF
:10050000F9E700002DE9F3410F4600980026846CBE
:1005100024B940F6CE1115A0F7F74AFEA06BE16BA7
:10052000884204D340F6CF1110A0F7F741FEA06B2C
:10053000E16B88420CD294F945503A466946204610
:10054000FFF7C7FE0646681C05D06D1C84F84550B1
:100550003046BDE8FC81606A0028F9D004F124002F
:1005600002F0F6FB0028F3D00126F1E72E2E5C46C0
:1005700072656552544F535C71756575652E6300E5
:1005800070B586B02E4E50E00198002806DADDE9FD
:100590000301029A90470198002846DB039C60699A
:1005A00010B1201D01F0C6FA05A800F0C1F80546FB
:1005B00001980A2839D2DFE800F00505053825350D
:1005C000050538250298A169034601442A462046BC
:1005D000FFF76EFF28B3616A20468847E06901286B
:1005E00023D1002000900298A169002342181946E7
:1005F000204602F0B9FCA0B940F2213111A0F7F772
:10060000D7FD12E00298A06120B94FF44E710DA001
:10061000F7F7CEFDA0692B4641191A462046FFF791
:1006200047FF02E0204601F049FB00231A4601A9DA
:10063000306801F0E5FF0028A6D106B070BD0000CB
:100640004C0000202E2E5C4672656552544F535C60
:1006500074696D6572732E63000000002DE9FC4122
:100660000E46054601F054FE01A800F061F804466C
:10067000019818B102F0AEFBBDE8FC81214FAEB18C
:1006800038690068D0B30026291B3246386801F06B
:10069000B7FB02F09FFB0028EED11B494FF08050C2
:1006A0000860BFF34F8FBFF36F8FE5E7A542EBD82C
:1006B00002F090FBF8682646C068C468201D01F06F
:1006C00039FAE069012815D1A0692B464119324653
:1006D0002046FFF7EDFE68B100200346014600907A
:1006E0002A46204602F040FC20B94FF40271074828
:1006F000F7F75EFD616A20468847BDE7FFE7012600
:10070000C2E700004C00002004ED00E0F02E0108DC
:100710000648416B096829B1416BC968C9684968D5
:10072000816270474FF0FF31FAE7000010000020AF
:1007300070B5054602F04AFA064E0446B068844297
:1007400003D200F009F8012000E0002028602046D4
:10075000B46070BD4C000020F8B5174E24E0C068AE
:10076000C4680568201D01F0E5F9616A20468847E4
:10077000E069012818D1A0692844A84206D924615B
:100780006060211DF06801F01BFA0DE000200346B7
:10079000014600902A46204602F0E6FB20B940F2CE
:1007A00092310648F7F704FDF06801680029D6D1B8
:1007B0003169C6E90310F8BD4C000020F02E010895
:1007C000002101E0401C491C0278A52AFAD0C1F39F
:1007D0008F00704708484068401C04D040F20F1159
:1007E00006A0F7F7E5FC502080F31188BFF34F8F88
:1007F000BFF36F8FFEE70000600000202E2E5C46E6
:1008000072656552544F535C706F727461626C65AF
:100810005C525644535C41524D5F434D34465C70CC
:100820006F72742E6300000070B50025040004D1BF
:1008300040F2816107A0F7F7BBFC0B496069884271
:1008400005D1A06A2839884201D000B9012528467F
:1008500070BD00002E2E5C4672656552544F535C8D
:100860007461736B732E6300DC050020084CE06834
:10087000016839B1002139B10020FFF7EFFEFFF721
:100880007FFEF4E70121F6E7C0680068F5E70000A5
:100890004C0000202DE9F041044601F0B5F994F92F
:1008A000455004F1240610E0A06C20B10021204640
:1008B000FFF728FE04E0606A48B1304602F048FACB
:1008C00008B101F095FB6D1E6DB2002DECDC4FF010
:1008D000FF3684F8456001F0C9F901F095F994F903
:1008E000445004F1100709E0206948B1384602F08D
:1008F0002FFA08B101F07CFB6D1E6DB2002DF3DC08
:1009000084F84460BDE8F04101F0B0B901239340A0
:100910000288012902D09A43028070471A43FBE7FC
:1009200008B5FEF781FE0F4C0F4E104D4FF47A774D
:1009300000903221684601F0B1FA2078012801D1F7
:10094000F5F708FD3168087C0128F2D12878820784
:10095000EFD46268BA42ECDB49789629E9D90220E3
:100960002870E6E7187E002004010020A8870020F8
:100970002DE9F0410546002601F0CAFC314F3868E8
:1009800008B9FFF7E7FCF86805424CD1002D4AD0C2
:10099000083568070AD005F00700C0F108000544D3
:1009A000680703D0BF2128A0F7F702FCDDB3786801
:1009B000854238D8234910310846046801E02146B1
:1009C00004466068A84202D220680028F7D138683F
:1009D000B846844227D00E682068086060680836F0
:1009E000401B10280DD96719780703D0EC2116A0F9
:1009F000F7F7DEFB6068401B786038466560FFF7FC
:100A000031FD6168D8F804004246401AC8F8040075
:100A1000D8F80830984200D29060D8F80C00014312
:100A20000020C4E9000102F0D5F90EB901F09CF8EC
:100A3000700704D04FF4967103A0F7F7B9FB304666
:100A4000BDE8F0816C0000202E2E5C467265655278
:100A5000544F535C706F727461626C655C4D656D70
:100A60004D616E675C686561705F342E63000000E5
:100A70000449086818B10868026D521C02650868CC
:100A8000704700001000002010B5031F4FF0807465
:100A90001C601B1F21F001011960191F044B0B6022
:100AA00014390A60091F6FF0020244380A6010BD51
:100AB000D507010810EE100A0E49884202DB9FEDAF
:100AC0000E0A704710EE100A0C49884201DA9FEDB9
:100AD0000C0AB7EE001AC1EE000A9FED0A1A70EE7A
:100AE000C10AB0EE001A60EE810A20EE001A80EE14
:100AF000810A70476666663F000000000AD7A33C83
:100B00000AD7A33CE4388E3F2DE9F0410D46064656
:100B100000244FF4FA7708E030193A460221F0F742
:100B2000CBFB322001F08EF9A41CAC42F4D3BDE81B
:100B3000F081000000EE100A9FED0A1A42F21071D7
:100B4000F8EE400A80EE810ADFED070A20EE200A67
:100B5000BDEEC00A10EE100A00B2884200DB084663
:100B60007047000000007F4300401C462DE9F04123
:100B70007E4E7F4C0125307940B900206060A06036
:100B8000E060206160702070207535717948D0F880
:100B9000100201287ED1207800287BD194ED010A33
:100BA000754FF8EEC00A97ED041ABDEE000A21EE6B
:100BB000000AF4EEC00AF1EE10FA1AD3D4ED020ADC
:100BC000F8EEE00AF4EEC00AF1EE10FA11D3D4ED1B
:100BD000030AF8EEE00AF4EEC00AF1EE10FA08D3C8
:100BE000D4ED040AF8EEE00AF4EEC00AF1EE10FAD1
:100BF00004D2257014210120F0F770FB386A002818
:100C000000DA404241F27C51B3EE0E0A88420CDD1C
:100C1000D7ED040A80EE801AD4ED010AF8EEE00A5E
:100C2000B4EEE01AF1EE10FA3ADCF86A002800DAC5
:100C3000404288420CDDD7ED040A80EE801AD4EDE4
:100C4000020AF8EEE00AB4EEE01AF1EE10FA27DC40
:100C5000B86B002800DA404288420CDDD7ED040A68
:100C600080EE801AD4ED030AF8EEE00AB4EEE01A42
:100C7000F1EE10FA14DC786C002800DA4042884269
:100C800013DD97ED041AC1EE000A94ED040AB8EEE4
:100C9000C00A00E067E0F4EEC00AF1EE10FA04DDED
:100CA000257014210220F0F719FB386A002800DAB9
:100CB00040424FF4FA51884211DCF86A002800DA09
:100CC000404288420BDCB86B002800DA4042884280
:100CD00005DC786C002800DA4042884204DD25708B
:100CE00014210320F0F7FAFA61683069002900DA6C
:100CF0004942002800DA40423238814220DBA168B4
:100D00007069002900DA4942002800DA404232388E
:100D1000814215DBE168B069002900DA4942002808
:100D200000DA4042323881420ADB2169F069002949
:100D300000DA4942002800DA4042323881420ADAB9
:100D40007079401CC0B27071142804D92570142128
:100D50000420F0F7C3FA60683061A0687061E06851
:100D6000B0612069F061BDE8F081000070010020F1
:100D7000E0870020000042424C870020764C2DED99
:100D8000028B82B0A06B40F00100A0634FF4806042
:100D9000F7F7C4FA4FF0010AC4F85CA0F4F758FB67
:100DA00000216EA20846F4F77DFD70A210210020FC
:100DB000F4F778FD0C250095226C042310214820BF
:100DC000F4F730FD6CA220210020F4F76BFD0095B4
:100DD000A26C052320215020F4F724FD69A23021C4
:100DE0000020F4F75FFD6948009501230278302167
:100DF0002020F4F717FD206E401C2066F4F76EFCEF
:100E0000606E401C60664FF4487001F01BF8FEF7FE
:100E10000BFCDFED5F8A5F4EDFF87CB14FF000091D
:100E2000A046019002204446C8F85C00642101A855
:100E300001F034F8A06D401CA065002000F08CFE8D
:100E4000616F814200D960675448006808B9E06F5B
:100E500018B14FF40060F7F757FA0320A046E06599
:100E60000A20F0F7D1FA0420E0653768B0EE688A0E
:100E700000242546F2F7F2FD3068B84207D138EE7B
:100E8000008A641C6D1CEDB2E4B2642DF2D33068AC
:100E9000B84203D04FF48060F7F736FA64B100EE41
:100EA000104A5C46F8EE400A88EE200A8BED130AE1
:100EB000FAF764FF84ED130A3949DBF84C005C460D
:100EC000884204DA94F858200AB984F858A0354AC0
:100ED000904202DD8BF8589026E094F858201AB31F
:100EE000314A90420EDD88420CDA304D6888401C51
:100EF00080B268800A2805D332210120F0F7EEF98C
:100F0000A5F8029094F8580001280DD12849087AD4
:100F1000012809D127480279022A05D34968B1F589
:100F20007A7F01DD80F806A005204446C8F85C0001
:100F3000D8F86000401CC8F86000F4F7D3FC606E7D
:100F4000401C60660620E0651B48007808B9EFF792
:100F5000E3FFC4F85C9065E7287E002052544F53AD
:100F60002052554E4E494E47000000005441534B0D
:100F7000204641494C3A00004652454520484541EB
:100F8000503A000050574D3A00000000EA0000209F
:100F900000000000B00000204C870020A8000020C6
:100FA0000000A0410000A84100009041A0010020E5
:100FB000187E0020F87F0020E101002000B52DED13
:100FC000048B83B041EC190BEFF734FD41EC180BA7
:100FD00018EE100A18EE901A8DED008B002818BF3D
:100FE0000120084320F00040C0F17F6000F1E040A4
:100FF000C00F14D019EE101A19EE900A8DED009B57
:10100000002918BF0121084320F00040C0F17F6093
:1010100000F1E040C00F04BF0120FDF7C9FA51EC18
:10102000180B03B0BDEC048B00BD000010B504002C
:101030002DED028BF0EE408A15D094ED020AFCF7FC
:101040001BFCF0EE400A94ED010AB5EE001A2749A8
:1010500000EE810AB1EE401A94ED020AB1EE408A28
:101060009FED210A06E09FED220ABDEC028B10BD28
:1010700038EE408A18EE100A8842F9DC1D4918EE55
:10108000100A884202D938EE008AF8E7F0EEE80A42
:1010900010EE900A1849884201DADFED180A9FED38
:1010A000180A21EE000AFBF7DBFA30EE080A9FED82
:1010B000151ADFED150AB4EEC10AF1EE10FA02D2EC
:1010C000B0EE410A06E0B4EEE00AF1EE10FA01DDFE
:1010D000B0EE600AFCF798FC60EE280A9FED0B1A50
:1010E00080EE810AC1E70000DB0FC940DB0F4940F9
:1010F00000000000DB0F49C0CDCC4C3DCDCC4C3DB9
:101100009A99193F333333BF3333333F9A99993E1A
:101110002DE9FE4F4FF44870F7F700F9DFF88481AE
:10112000614F002598F8000002281FD34FF4A070EB
:10113000F7F7F4F85DA0F6F79FFF60A0F7F7BAF8AD
:101140004FF48060786465A0C7F88800F4F724F84D
:101150007D64C7F88850F86B40F48060F86340F213
:101160004110F7F7DBF860A0F7F7A4F866A0F6F7F0
:1011700083FF00F049FD4FF004090224CDF80090F0
:10118000CDE901544FF4007A4E460023524662A145
:101190006548F0F7A5FD65480023CDE900405246BB
:1011A00063A102966548F0F79BFD08200094CDE905
:1011B00001500023802262A16448F0F791FD1020C5
:1011C00063490096CDE901100023524661A16448AD
:1011D000F0F786FD20200094CDE901500023802205
:1011E00060A16448F0F77CFD0521CDE90015A0025F
:1011F00002900023524660A16248F0F771FD98F812
:10120000000046464FF4807803280AD140205E490A
:101210000094CDE90110002342465CA15E48F0F73E
:101220005FFD307880210322012827D0022808D3CF
:10123000CDE9002502910023424658A15A48F0F713
:101240004FFD5A481821CDE9001052460023CDF831
:1012500008A057A15A48F0F743FD01F0F1F8B8642F
:101260004FF44C70F7F75AF800F000FD55A0F7F76F
:1012700021F8BDE8FE4F002000F05CBECDE900255E
:10128000029100234446424644A15648F0F728FD07
:10129000CDF80090CDE901540023224652A15548D3
:1012A000CDE70000187E0020287E002052544F53C6
:1012B0003A2055534220494E495400005B52544F46
:1012C000535D2055534220686F737420696E6974B2
:1012D0002073746172740D0A000000005553424877
:1012E0005F517565756500005B52544F535D205525
:1012F000534220686F737420696E6974207265614F
:1013000064790D0A0000000052544F533A205441B2
:10131000534B20494E49540042616C616E63655FD6
:101320007461736B00000000011100089C01002033
:1013300073686F775F7461736B0000007D0D010847
:101340006C65645F7461736B0000000025FA00082F
:10135000DC010020444154415F7461736B00000064
:101360009DF00008475935335F50574D5F746173E6
:101370006B000000D93600084150465F7461736B02
:10138000000000002D0D0008F00000204435304121
:101390005F7461736B00000095230008494D555F31
:1013A0007461736B00000000614C00088400002031
:1013B0005265706F72744572725461736B000000F5
:1013C000097500085B52544F535D207461736B20A4
:1013D0006372656174696F6E20636F6D706C6574A4
:1013E000650D0A0051510008505354574F5F746106
:1013F000736B00002109010870B505464FF0FF36F8
:10140000304600F0B5F804001CD100F09DF80E48FD
:10141000016821F0F8010160016841EAC50101603D
:10142000016821F007010160016841F002010160DB
:10143000016841F480310160304600F099F80446BB
:1014400000F07AF8204670BD103C02401C498842EA
:1014500001D2002070471B49884201D20120704709
:101460001949884201D2022070471849884201D2A6
:10147000032070471649884201D20420704715495D
:10148000884201D2052070471349884201D20620C4
:1014900070471249884201D207207047104988429C
:1014A00001D2082070470F49884201D209207047B5
:1014B0000D49884201D20A2070470B207047000076
:1014C000004000080080000800C00008000001087B
:1014D00000000208000004080000060800000808D8
:1014E00000000A0800000C0800000E0810B500BF3C
:1014F00000F02AF86420FEF713F800BF0D480168D9
:1015000021F007010160016841F0050101606420DC
:10151000FEF706F800BF07481030016821F440715B
:101520000160016841F40071016000BFBDE8104036
:1015300000F002B8003C02400248016841F000415E
:1015400001607047103C024006480068002806DA37
:10155000044805490C38016004490160704700BF28
:1015600070470000103C024023016745AB89EFCD76
:1015700030B5134C0346002122680846D50602D533
:101580000121052000BF550602D50620491C00BFD9
:10159000150602D50720491C00BFD20302D5012041
:1015A000491C00BF012901D9022000BF012804D035
:1015B000002B01D100BF082030BD5B1EDBD1F9E755
:1015C0000C3C02402DE9F0470446A0F100600D46B6
:1015D000B0F5002F01D2A00703D0092000BFBDE85D
:1015E000F087354804EB8206864202D900BF0A2004
:1015F000F5E7FFF7A9FFDFF8C490D9F8001021F450
:101600000071C9F80010D9F8001021F48061C9F800
:101610000010D9F8001041F40061C9F80010D9F8A1
:10162000001041F48051C9F8001072B64FF6FF70F7
:10163000FFF79EFF070022D100BFDFF880A0DFF890
:1016400080800AF1100A18E040462F68FFF790FFEB
:1016500078B9DAF8001021F00701CAF80010DAF8BA
:10166000001041F00101CAF8001027604046FFF762
:101670007FFF070003D1241D2D1DB442E4D3D9F808
:10168000001041F40071C9F80010D9F8001041F4BD
:101690008061C9F80010D9F8001021F40061C9F880
:1016A0000010D9F8001021F48051C9F80010FFF79C
:1016B00043FF62B6384692E7FFFF0708003C02404E
:1016C000FFFF0F002DE9F843F6F7C8FD4FF4407017
:1016D000F3F79EFEA820FDF7EBFEF3F7E7F84FF4D3
:1016E0008870F6F71BFE9248F6F7F8FB4FF4E138E6
:1016F0004046F7F729FC4FF49070F6F70FFE8DA0E7
:10170000F6F7D8FD4FF49870F6F708FEF3F7C7FC2C
:10171000874C1034E064E06C0026854D44F29F173E
:10172000682809D0F3F798FA2065EA281AD08CA027
:10173000F6F7C0FD01202FE001202870FAF7B8F974
:1017400003220623114601200096FAF703F900212F
:101750003846FAF76FFAF4F79DFDF4F7EDFDF3F76D
:10176000A2FC34E0FAF7D2FA85490020D1F834120D
:1017700040EA81008349D1F80C22D1F8081240EAEE
:101780004200014311F0FF00606507D0012808D036
:101790007DA0F6F78FFD0220F6F758FD0220287095
:1017A00006E0032028704046F7F738FCF0F77EFB90
:1017B000F5F786FA03220623114601200096EFF77B
:1017C0007BFE00213846F3F78DFDFDF73BFF40F22D
:1017D0003110F6F7A3FD76A0F6F76CFDEFF79CFD50
:1017E000F1F702FBF3F792FA4FF40070F6F796FD6B
:1017F0004FF40470F6F792FDF1F714FF40F2112058
:10180000F6F78CFD74A0F6F755FD4FF40870F6F767
:1018100085FDF3F77FFE40F22120F6F77FFDF3F719
:1018200017FE002178A20846F4F73CF87AA21021AE
:101830000020F4F737F80C2600962A7801231021AF
:101840001820F3F7EFFF75A220210020F4F72AF803
:101850000096A268052320213020F3F7E3FF71A250
:1018600030210020F4F71EF8206E401C2066F3F7AC
:1018700035FF606E401C60666EA0F6F71BFD4FF4EE
:101880004870FDF731FE4FF41650F7F76FFE4046F3
:10189000F7F72EFC4FF40C70F6F740FDF5F77AFDE4
:1018A000F1F7BAFAF1F7D4FAEFF760F9F1F7EAFADB
:1018B000F1F702FB4FF41070F6F730FD68A0F6F771
:1018C000F9FCF6F7A3FA7148F5F756FC704C71482D
:1018D000D4E91412F4F71AFCD4E914126E48F4F7A0
:1018E00015FCD4E914126D48F4F710FCD4E9141275
:1018F0006B48F4F70BFCFDF78FFB6A48F3F7B6FE75
:101900006948EFF701FB6948F5F7F2FD6848EFF722
:10191000EDFBF1F7B3FB40F2FF20F6F7FFFC65A00B
:10192000F6F7C8FCBDE8F84364210120EFF7D6BC08
:10193000187E00200D0A5B424F4F545D20554152E6
:1019400054312072656164793B207761746368204B
:10195000675F73797374656D5F646961670D0A0011
:101960005B4552525D20494D55204944206E6F74AD
:10197000207265636F676E697A65640D0A00000006
:1019800000004142000042425B4552525D20696EB8
:1019900076616C6964206861726477617265207633
:1019A000657273696F6E20626974730D0A000000BE
:1019B0005B424F4F545D20494D5520616E6420625B
:1019C0006F6172642076657273696F6E20726561F3
:1019D00064790D0A000000005B424F4F545D2047C0
:1019E00059353320636F6E666967757265643B2095
:1019F0006361707475726520495251206973204F7C
:101A000046460D0A00000000424F4F543A204F4C0A
:101A10004544204F4B00000048573A00535441477B
:101A2000453A000050574D204952513A204F464602
:101A3000000000005B424F4F545D204F4C45442056
:101A4000636F6D6D616E647320616E642074657385
:101A5000742073637265656E2073656E740D0A0081
:101A60005B424F4F545D20706572697068657261AA
:101A70006C20696E697469616C697A6174696F6EF2
:101A80002072656164790D0A00000000A8870020BB
:101A90004C870020F88700200C8800202088002038
:101AA00034880020B0010020E5000020BC84002024
:101AB000E87F00205B424F4F545D2073797374655B
:101AC0006D496E697420636F6D706C6574650D0A85
:101AD00000000000B4EEE00AF1EE10FA02D2B0EE1F
:101AE000600A7047B4EEC10AF1EE10FAF9DDB0EE0B
:101AF000410A7047884201DA084670479042FCDD8F
:101B00001046704701460148F7F79ABD00100140A2
:101B100001460148F7F794BD0044004001460148E2
:101B2000F7F78EBD0048004001460148F7F788BD31
:101B3000004C0040D0E9013201699A60D0E90123EC
:101B40005A604A68824201D182684A60002202617A
:101B50000868401E0860704708B902480068006BBA
:101B6000FEF72EBE10000020094B586C60B1186CB7
:101B7000596C084318640420F6F7C6FB586C01281A
:101B800002D10820F6F7C0FB4020F6F75FFB00000B
:101B9000287E00200248C0F888108020F6F756FB07
:101BA000287E002000F108014FF0FF32C0E9011249
:101BB000C16001610021016070470021016170472F
:101BC00030B50C68621C02D000F1080202E0026924
:101BD00004E01A4653681D68A542FAD953684B6061
:101BE00099608A60516008610168491C016030BDDC
:101BF00042684A6093688B6093685960916008619D
:101C00000168491C01607047502080F31188BFF3C0
:101C10004F8FBFF36F8F08494868401C4860012808
:101C200009D10648006810F0FF0F04D040F2B91146
:101C300003A0F6F7BDBA70476000002004ED00E095
:101C40002E2E5C4672656552544F535C706F7274F1
:101C500061626C655C525644535C41524D5F434D2A
:101C600034465C706F72742E6300000010B5074C30
:101C7000606820B94FF4E07105A0F6F799FA606842
:101C8000401E606001D180F3118810BD600000200B
:101C90002E2E5C4672656552544F535C706F7274A1
:101CA00061626C655C525644535C41524D5F434DDA
:101CB00034465C706F72742E6300000070B50028AB
:101CC00028D0154DA0F108046068E968084204D1E5
:101CD0004FF4A07111A0F6F76BFA206820B140F222
:101CE00041110EA0F6F764FA6068E968084211D065
:101CF0002268002A0ED18843606000F009FB60680A
:101D00006968084468602046FEF7ACFBBDE8704097
:101D100001F060B870BD00006C0000202E2E5C4603
:101D200072656552544F535C706F727461626C657A
:101D30005C4D656D4D616E675C686561705F342EEA
:101D40006300000006484FF47A710068B0FBF1F1BF
:101D50004FF0E020491E41610721016170470000FA
:101D60008C00002010B5EEF773FA0F4C10280BD33F
:101D700000F1E02090F8F0032178884204D24FF47B
:101D800040710AA0F6F714FA13480068A16800F43D
:101D9000E060884206D9BDE810404FF4447103A0CA
:101DA000F6F706BA10BD0000600000202E2E5C463B
:101DB00072656552544F535C706F727461626C65EA
:101DC0005C525644535C41524D5F434D34465C7007
:101DD0006F72742E630000000CED00E010B5074B2D
:101DE000002253F832401CB1521C082AF9D310BD0E
:101DF00043F8321003EBC201486010BDCC02002052
:101E000070B515460E460446FFF7FEFE94F94410E1
:101E10000020491C01D184F8440094F94510491C64
:101E200001D184F84500FFF721FFA06B28B92A46AD
:101E3000314604F1240000F003F92046BDE870406B
:101E4000FEF728BD10B5040011D00D49096B21B172
:101E500040F2CF410BA0F6F7ABF900F059FA0021A0
:101E60002046FEF731F900F0B5FF002807D10A49F6
:101E70004FF080500860BFF34F8FBFF36F8F10BDDE
:101E8000100000202E2E5C4672656552544F535C44
:101E90007461736B732E630004ED00E02DE9F04173
:101EA0000E4605004FF0000404D140F279411AA01B
:101EB000F6F77EF926B940F27A4117A0F6F778F9DD
:101EC0001A4F386B20B140F27B4113A0F6F770F93E
:101ED00000F01EFAFA6828688119904202D98842F7
:101EE00002D804E0884201D8914200D90124296037
:101EF0001CB1881A0021FEF7E7F800F06BFF0028FC
:101F000007D10B494FF080500860BFF34F8FBFF3EC
:101F10006F8FBDE8F08100002E2E5C467265655221
:101F2000544F535C7461736B732E63001000002078
:101F300004ED00E070B50446FFF766FE234D04B9DA
:101F40002C68201DFFF7F6FD58B9E06A204A00EB27
:101F5000800152F8211021B901218140286988436C
:101F60002861A06A18B104F11800FFF7E3FD686A60
:101F7000401C68622868844207D1211D1548FFF77C
:101F800037FE6868401C686007E0A868401EA860CB
:101F90002046FEF7D4F9FEF7BBFBFFF767FE686942
:101FA000002811D0286884420ED1286B20B140F25D
:101FB000654109A0F6F7FCF80C494FF08050086025
:101FC000BFF34F8FBFF36F8F70BD00001000002074
:101FD0000C030020C80500202E2E5C467265655259
:101FE000544F535C7461736B732E630004ED00E017
:101FF00001490120C86170471000002070B50D46EE
:10200000040004D140F6063107A0F6F7D1F80B48DA
:10201000016820461831FFF7D3FD2846BDE870401F
:102020000121FEF751B800002E2E5C467265655204
:10203000544F535C7461736B732E63001000002067
:1020400070B514460E46050004D140F6313109A0A2
:10205000F6F7AEF80C48016828461831FFF7C8FDBE
:102060000CB14FF0FF3621463046BDE87040FEF718
:102070002BB800002E2E5C4672656552544F535C9F
:102080007461736B732E63001000002070B5040040
:1020900039D01D4DE06A2968C96A884233D2A069E7
:1020A000002804DB2868C06AC0F12000A061E06A53
:1020B000164E00EB8000616906EB800081421FD163
:1020C000201DFFF737FD012150B9E06A00EB8002C7
:1020D00056F8222022B92A6901FA00F082432A61C7
:1020E0002868C06AE0622A6981401143296100EBD7
:1020F000800006EB8000211DBDE87040FFF778BD31
:102100002868C06AE06270BD100000200C03002047
:1021100070B504002BD01A4D286884422ED0FFF7EA
:1021200073FD2046FEF780FBE8B1201DFFF702FD9E
:10213000E06A01212A69814011432961114900EBBC
:10214000800001EB8000211DFFF752FDE06A296845
:10215000C96A884207D30C494FF080500860BFF32A
:102160004F8FBFF36F8FBDE87040FFF77FBDBDE8B5
:10217000704040F2AB6105A0F6F71AB870BD0000E0
:10218000100000200C03002004ED00E02E2E5C4621
:1021900072656552544F535C7461736B732E6300A8
:1021A00010B5040004D140F6C13104A0F6F700F8E0
:1021B0000748016A2160C068606010BD2E2E5C4631
:1021C00072656552544F535C7461736B732E630078
:1021D000100000201CB516480024CDE9004023461D
:1021E000822214A1154800F0B7FC012803D100F0A9
:1021F0008BFE012808D0401C19D1BDE81C4040F2DC
:1022000084710FA0F5F7D4BF502080F31188BFF37D
:102210004F8FBFF36F8F06484FF0FF312C3881622C
:1022200001214161C460BDE81C4000F00FB91CBD34
:102230003C00002049444C4500000000A103010877
:102240002E2E5C4672656552544F535C7461736BFD
:10225000732E630070B50446FFF7D6FC234D04B916
:102260002C68201DFFF766FC58B9E06A204A00EB95
:10227000800152F8211021B9012181402869884349
:102280002861A06A18B104F11800FFF753FC211D62
:102290001848FFF7ADFCFFF7E9FC686928B1FFF7C4
:1022A000B3FCFEF735FAFFF7E1FC2868844210D151
:1022B000686978B1286B20B140F257610EA0F5F73C
:1022C00077FF12494FF080500860BFF34F8FBFF384
:1022D0006F8F70BD0748A9680068884202D100204E
:1022E000286070BDBDE8704000F01AB810000020F2
:1022F0000C030020DC0500202E2E5C467265655222
:10230000544F535C7461736B732E630004ED00E0F3
:102310000248016B491C0163704700001000002057
:1023200070B51D4C206B10B10120E06170BD002024
:10233000E06120684FF0A532006B0168914208D13E
:102340004168914205D18168914202D1C0689042B2
:1023500004D0216820683431FFF71CFC20690F4E3F
:10236000B0FA80F0C0F11F0000EB800556F82500A0
:1023700020B940F6F6210AA0F5F71AFF06EB850012
:1023800000F10802416849684160914201D1496801
:102390004160C868206070BD100000200C03002060
:1023A0002E2E5C4672656552544F535C7461736B9C
:1023B000732E630010EE100A1049F3EE040A8842EF
:1023C0001ADB10EE100A0E49884211DC30EE600A6A
:1023D0009FED0C1AC0EE010A9FED0B1AB6EE000A33
:1023E00000EE810ABDEEC00A10EE100A642801DD7D
:1023F000642070470028FCDC002070470000A041EA
:102400006666B841303343400000C842DFED0B0A36
:10241000B7EE000A01290AD032280CD8C0F13200E8
:1024200001EE100AB8EE411A01EE200A7047322878
:1024300001D33238F4E7B7EE000A70476F12833BDE
:1024400001484068704700006C0000201CB52F4C0C
:1024500020682F49884204D140F259112DA0F5F788
:10246000A7FE20682A49491E884204D14FF4AD7165
:1024700028A0F5F79DFE324C20780190FF202070B7
:1024800020788DF800009DF800009DF8001000F005
:10249000F000884204D040F273111EA0F5F788FEC8
:1024A0009DF80000274A00F050001070072090604F
:1024B00007E09068401E90609DF8000040008DF895
:1024C00000009DF800000006F3D4107A000200F42A
:1024D000E0609060019820700C482030016841F461
:1024E00070010160016841F070410160FFF72AFC52
:1024F00000205060EDF774FE1348016841F0404140
:102500000160EDF75DFE00201CBD000000ED00E065
:1025100071C20F412E2E5C4672656552544F535C5A
:10252000706F727461626C655C525644535C4152C8
:102530004D5F434D34465C706F72742E6300000033
:1025400000E400E06000002034EF00E010B550200F
:1025500080F31188BFF34F8FBFF36F8F00F03CFB08
:1025600018B104494FF080500860002080F31188B2
:1025700010BD000004ED00E010B50246002101206E
:1025800000F00CF8041E07D00021416001600B46EA
:102590000A46C16000F038F9204610BD2DE9F0412F
:1025A00017460E46050004D14FF4C4710FA0F5F78D
:1025B000FFFDBEB105FB06F05430FEF7D9F904006B
:1025C0000ED004F154007EB12060C4E90F562046BD
:1025D000012100F0CDF884F8507000212046A1645C
:1025E000BDE8F0810020E7E72460EEE72E2E5C4690
:1025F00072656552544F535C71756575652E630045
:102600002DE9FF4F83B09B468A4604004FF0000639
:1026100004D140F2DC4150A0F5F7CAFDBAF1000F39
:1026200006D1206C20B140F2DD414BA0F5F7C0FD92
:1026300000F0BEFA30B9059820B14FF49C6146A075
:10264000F5F7B6FD4FF000094FF08057DFF81C8119
:10265000FFF7DAFAA56B45B351462046E668FDF769
:1026600025FEBBF1000F13D0E660606A50B104F1A3
:10267000240000F06DFB28B1C8F80070BFF34F8F45
:10268000BFF36F8FFFF7F2FA012007B0BDE8F08FBC
:102690006D1EA563206810B9FEF7EAF96060206935
:1026A0000028EFD004F11000E3E7059808B11EB14F
:1026B00006E0FFF7DBFA27E06846FFF771FD012629
:1026C000FFF7D4FAFFF724FEFFF79EFA94F94400CF
:1026D000401C01D184F8449094F94500401C01D17C
:1026E00084F84590FFF7C2FA05A9684600F0FAF9A8
:1026F000002820460AD0FEF7CDF800F06BFB2046FC
:10270000FDF7F2FE0028A3D00020BEE7FDF7ECFEA7
:10271000D8B1206830B9FFF777FA6068FFF7B6FCE8
:10272000FFF7A4FA04F124000599FFF767FC20469F
:10273000FEF7B0F800F04EFB002889D1C8F8007011
:10274000BFF34F8FBFF36F8F82E72046FEF7A2F8EB
:1027500000F040FB7CE700002E2E5C46726565525F
:10276000544F535C71756575652E630004ED00E090
:1027700070B50D46040004D140F21B111CA0F5F702
:1027800017FDFFF741FAD4E90F20216802FB001181
:1027900061600021A1632168A1600A46D4E90F01AC
:1027A000401E00FB0121E16021464FF0FF3001F89F
:1027B000440F487004F110004DB1FFF7F3F904F134
:1027C0002400FFF7EFF9FFF751FA012070BD2169EE
:1027D0000029F8D000F0BCFA0028F4D009494FF0E5
:1027E00080500860BFF34F8FBFF36F8FEBE700009F
:1027F0002E2E5C4672656552544F535C717565753B
:10280000652E630004ED00E02DE9FF4F83B099468B
:102810008B4604004FF0000604D140F2D92150A0AD
:10282000F5F7C6FCBBF1000F06D1206C20B140F2D9
:10283000DA214BA0F5F7BCFCB9F1020F07D1E06B30
:10284000012804D040F2DB2145A0F5F7B1FC00F0EF
:10285000AFF930B9059820B140F2DE2140A0F5F77C
:10286000A7FC4FF0000A4FF08057DFF80881FFF710
:10287000CBF9A06BE16B884206D3B9F1020F03D00C
:10288000059800B316B325E04A4659462046FDF7A1
:1028900020FDA16C21B149462046FDF733FE05E03D
:1028A000616A19B104F1240000F052FA28B1C8F8A5
:1028B0000070BFF34F8FBFF36F8FFFF7D7F9012081
:1028C00007B0BDE8F08FFFF7D1F921E06846FFF7C8
:1028D00067FC0126FFF7CAF9FFF71AFDFFF794F925
:1028E00094F94400401C01D184F844A094F94500B7
:1028F000401C01D184F845A0FFF7B8F905A9684646
:1029000000F0F0F830B12046FDF7C4FF00F062FAA5
:102910000020D5E7FFF778F9A06BE16B884201D181
:10292000012500E00025FFF7A1F995B104F11000A1
:102930000599FFF763FB2046FDF7ACFF00F04AFA6C
:10294000002894D1C8F80070BFF34F8FBFF36F8F8A
:102950008DE72046FDF79EFF00F03CFA87E7000078
:102960002E2E5C4672656552544F535C71756575C9
:10297000652E630004ED00E02DE9F047984615460A
:102980008946040004D140F29F3129A0F5F710FCDC
:10299000B9F1000F06D1206C20B14FF4687124A06A
:1029A000F5F706FCB8F1020F07D1E06B012804D05F
:1029B00040F2A1311EA0F5F7FBFBFFF7D3F9502041
:1029C000EFF3118780F31188BFF34F8FBFF36F8F41
:1029D000A06BE16B884207D3B8F1020F04D000204E
:1029E00087F31188BDE8F08794F94560424649466F
:1029F0002046FDF76EFC701C04D0761C84F8456000
:102A00000120EDE7A06C012620B141462046FDF7EC
:102A100079FD06E0606A0028F2D004F1240000F09D
:102A200097F90028ECD0002DEAD02E60E8E70000EE
:102A30002E2E5C4672656552544F535C71756575F8
:102A4000652E63002DE9F04790468946040004D1C5
:102A50004FF4B4611EA0F5F7ABFBB9F1000F06D13E
:102A6000206C20B140F2A15119A0F5F7A1FBFFF7AE
:102A700079F95020EFF3118780F31188BFF34F8F5E
:102A8000BFF36F8FA66BF6B194F9445049462046C8
:102A9000FDF70CFC761EA663681C04D06D1C84F840
:102AA0004450012010E020690028FAD004F1100001
:102AB00000F04EF90028F4D0B8F1000FF1D0012158
:102AC000C8F80010EDE7002087F31188BDE8F08713
:102AD0002E2E5C4672656552544F535C7175657558
:102AE000652E630070B50D46040004D140F6CB316D
:102AF00013A0F5F75DFB25B940F6CC3110A0F5F732
:102B000057FBFFF781F8134AD06829684B1C0FD098
:102B10002368126A934202D0626882420AD96268CC
:102B2000801A884206D2081A28602046FFF738FB30
:102B3000002400E00124FFF799F8204670BD000052
:102B40002E2E5C4672656552544F535C7461736BF4
:102B5000732E6300100000202DE9FF5F8346DDE93E
:102B60000E87994616468A469000FDF701FF05003C
:102B70001AD05C20FDF7FCFE040012D02563002172
:102B8000CDE90241CDE900874B46324651465846D1
:102B9000FDF71AFC2046FDF7CFFA012004B0BDE88E
:102BA000F09F2846FFF78AF84FF0FF30F6E7000065
:102BB0000548416919B1006B18B100207047012028
:102BC0007047022070470000100000200148C068D4
:102BD00070470000100000202DE9F0412D4F002625
:102BE000386B40B1B869401CB861F86900B1012682
:102BF0003046BDE8F081FD686D1CFD6010D1786B3A
:102C0000006820B140F6D91123A0F5F7D1FA786B0E
:102C1000B96B7963B863386A401C3862FDF778FD98
:102C2000B86ADFF88880854209D3786B006880B184
:102C3000786BC068C468606885420DD2B862386835
:102C4000C06A00EB800158F821000128CDD9012687
:102C5000CBE74FF0FF30F1E7201DFEF76BFFA06AD6
:102C600018B104F11800FEF765FFE06A01213A6926
:102C700081401143396100EB800108EB8100211D87
:102C8000FEF7B6FFE06A3968C96A8842CDD30126EB
:102C9000CBE70000100000202E2E5C4672656552C6
:102CA000544F535C7461736B732E63000C030020EC
:102CB00070B504004FF000063AD01E4D28688442DB
:102CC00004D040F6C7611CA0F5F772FA206D20B958
:102CD00040F6C96118A0F5F76BFA206D401E20651B
:102CE000E26CE16A914223D010BB201DFEF722FF67
:102CF0001649012250B9E06A00EB800351F82330F5
:102D000023B92B6902FA00F083432B61E06CE06287
:102D1000C0F12000A061E06A2B6982401A432A6159
:102D200000EB800001EB8000211DFEF761FF012612
:102D3000304670BD100000202E2E5C467265655234
:102D4000544F535C7461736B732E63000C0300204B
:102D50002DE9F041C068C46824B940F6613115A07E
:102D6000F5F726FA04F118000746FEF7E3FE164DC4
:102D7000286B012660B139461448FEF739FFE06A36
:102D80002968C96A884213D90120EE61BDE8F08143
:102D9000201DFEF7CFFEE06A2A6906FA00F1114312
:102DA00029610B4900EB800001EB8000211DE4E765
:102DB0000020EBE72E2E5C4672656552544F535C43
:102DC0007461736B732E630010000020B405002043
:102DD0000C0300202DE9F0472B4D00242746286BDB
:102DE00020B94FF4FD6129A0F5F7E2F9FEF70CFFD9
:102DF000286B401E2863286BE8BBA8682849012679
:102E0000C8B3A1F52A798846D8F80010E9B1D8F8F6
:102E10000C00C46804F11800FEF78CFE201DFEF7BC
:102E200089FEE06A2A6906FA00F11143296100EB84
:102E3000800109EB8100211DFEF7DAFEE06A2968B6
:102E4000C96A8842E0D3EE61DEE70CB1FDF760FCB1
:102E5000AC693CB1FFF7C0FE00B1EE61641EF9D170
:102E60000020A861E86930B10E49012738070860E1
:102E7000BFF34F8F00E001E0BFF36F8FFEF7F6FE68
:102E80003846BDE8F0870000100000202E2E5C467A
:102E900072656552544F535C7461736B732E63009B
:102EA000B405002004ED00E02DE9F04707469946FF
:102EB00016460D462C20DDF820A0FDF759FD040034
:102EC00013D0B8464F46D14625B94FF4C67108A075
:102ED000F5F76EF9FDF798F904F11801C4F80080D0
:102EE00081E8E002201DFEF768FE2046BDE8F0877D
:102EF0002E2E5C4672656552544F535C74696D6545
:102F000072732E63000000001CB50024FDF77CF9ED
:102F10000B48006868B10A491F20091DCDE900016E
:102F200000234FF4827207A10848FFF715FE040042
:102F300004D140F2331106A0F5F73AF920461CBD42
:102F40004C000020546D7220537663006D08010818
:102F50002E2E5C4672656552544F535C74696D65E4
:102F600072732E63000000002DE9FF479946DDF8DB
:102F700030A090460D4606004FF0000704D14FF4F4
:102F8000D37111A0F5F714F9154C206880B1CDE983
:102F900000580296062D11DAFFF70AFE02284FF0BC
:102FA000000309D0002269462068FFF72DFC074680
:102FB00004B03846BDE8F0875246F4E700234A469D
:102FC0006946FFF7D9FCF2E72E2E5C467265655222
:102FD000544F535C74696D6572732E63000000007A
:102FE0004C00002000000000000000000000000075
:102FF000000000003F400000000000000000300022
:10300000400030004000000009000BC03D000BC034
:103010003D00090018C024407FE0224031800000BC
:10302000180024C01B000D803240018003801C402A
:1030300027401C8007400040100060000000000096
:10304000000000000000000000001F802040402021
:103050000000402020401F80000000000900060002
:103060001F80060009000000040004003F800400E7
:1030700004000000001000600000000000000000DC
:1030800004000400040004000400000000000040EC
:103090000000000000000000002001C00600380011
:1030A000400000001F802040204020401F80000082
:1030B000000010403FC000400000000018C0214048
:1030C000224024401840000010802040244024402A
:1030D0001B80000002000D0011003FC001400000F5
:1030E0003C80244024402440238000001F80244052
:1030F00024403440038000003000200027C0380006
:10310000200000001B802440244024401B8000003D
:103110001C0022C0224022401F800000000000004E
:1031200008400000000000000000000004600000F3
:1031300000000000000004000A0011002080404050
:1031400009000900090009000900000000004040D2
:10315000208011000A0004001800200023402400F1
:10316000180000001F802040274029401F40000019
:10317000004007C039000F0001C0004020403FC0A0
:10318000244024401B8000001F802040204020401D
:103190003080000020403FC0204020401F800000C1
:1031A00020403FC024402E4030C0000020403FC09F
:1031B00024402E00300000000F00108020402240EC
:1031C0003380020020403FC0040004003FC0204084
:1031D000204020403FC020402040000000602020D0
:1031E00020203FC02000200020403FC024400B0092
:1031F00030C0204020403FC020400040004000C080
:103200003FC03C0003C03C003FC0000020403FC026
:103210000C4023003FC020001F8020402040204061
:103220001F80000020403FC0244024001800000000
:103230001F802140214020E01FA0000020403FC00F
:103240002440260019C0004018C0244024402240D9
:1032500031800000300020403FC02040300000009E
:1032600020003F80004000403F80200020003E00C2
:1032700001C0070038002000380007C03C0007C02C
:1032800038000000204039C0060039C0204000004E
:103290002000384007C0384020000000304021C0E6
:1032A0002640384020C00000000000007FE04020A1
:1032B00040200000000070000C000380004000006F
:1032C0000000402040207FE00000000000002000BF
:1032D000400020000000000000100010001000104E
:1032E000001000100000000040000000000000007E
:1032F000000002800540054003C0004020003FC0A0
:1033000004400440038000000000038004400440A7
:103310000640000000000380044024403FC00040FD
:103320000000038005400540034000000000044009
:103330001FC0244024402000000002E0055005503A
:103340000650042020403FC00440040003C0004059
:103350000000044027C000400000000000100010E2
:10336000041027E00000000020403FC0014007009B
:1033700004C00440204020403FC000400040000006
:1033800007C0040007C0040003C00000044007C0D9
:103390000440040003C000400000038004400440D7
:1033A00003800000041007F0045004400380000074
:1033B000000003800440045007F00010044007C0E0
:1033C00002400400040000000000064005400540E3
:1033D00004C00000000004001F8004400040000002
:1033E000040007800040044007C0004004000700BC
:1033F00004C0018006000400060001C0070001C0EF
:1034000006000000044006C0010006C004400000A1
:103410000410071004E001800600040000000440CE
:1034200005C00640044000000000000004007BE0EE
:1034300040200000000000000000FFF0000000003D
:10344000000040207BE004000000000040008000FD
:1034500040002000200040000000000000000000AC
:1034600000000000000000000000000000001FCC71
:10347000000C0000000000000000080030006000A8
:103480000800300060000000022003FC1E20022023
:1034900003FC1E200220000000000E1811043FFF54
:1034A00010840C78000000000F0010840F3800C05A
:1034B000077818840078000000780F8410C4112465
:1034C0000E9800E400840008080068007000000006
:1034D000000000000000000000000000000007E005
:1034E00018182004400200000000400220041818B0
:1034F00007E00000000000000240024001800FF0E1
:1035000001800240024000000080008000800FF82F
:1035100000800080008000000001000D000E00000F
:10352000000000000000000000000080008000801B
:1035300000800080008000800000000C000C000073
:1035400000000000000000000000000600180060FD
:103550000180060018002000000007F00808100491
:103560001004080807F000000000080408041FFC0D
:10357000000400040000000000000E0C10141024D1
:10358000104411840E0C000000000C1810041104EB
:10359000110412880C700000000000E003200424D5
:1035A00008241FFC0024000000001F981084110450
:1035B0001104108810700000000007F00888110442
:1035C000110418880070000000001C00100010FC9E
:1035D00013001C001000000000000E38114410847D
:1035E000108411440E38000000000700088C1044BD
:1035F0001044088807F00000000000000000030CE1
:10360000030C0000000000000000000000010106A3
:1036100000000000000000000000008001400220C7
:1036200004100808100400000220022002200220DA
:1036300002200220022000000000100408080410EC
:10364000022001400080000000000E001200100C5B
:10365000106C10800F00000003E00C1813E4142419
:1036600017C4082807D000000004003C03C41C4015
:10367000074000E4001C000410041FFC11041104A6
:1036800011040E880070000003E00C1810041004F0
:10369000100410081C10000010041FFC100410047B
:1036A0001004080807F0000010041FFC11041104A6
:1036B00017C410040818000010041FFC11041100A6
:1036C00017C010000800000003E00C1810041004DC
:1036D00010441C780040000010041FFC108400807F
:1036E000008010841FFC10040000100410041FFC54
:1036F000100410040000000000030001100110017C
:103700001FFE10001000000010041FFC11040380B5
:103710001464181C1004000010041FFC10040004A2
:1037200000040004000C000010041FFC1F0000FC3B
:103730001F001FFC1004000010041FFC0C040300F9
:1037400000E010181FFC100007F008081004100417
:103750001004080807F0000010041FFC10841080FB
:10376000108010800F00000007F0081810241024AB
:10377000101C080A07F2000010041FFC11041100BD
:1037800011C011300E0C000400000E1C1104108436
:10379000108410441C3800001800100010041FFC96
:1037A000100410001800000010001FF8100400049E
:1037B000000410041FF8100010001E0011E0001C8F
:1037C000007013801C0010001FC0103C00E01F00A0
:1037D00000E0103C1FC000001004180C163401C09B
:1037E00001C01634180C100410001C00130400FC57
:1037F00013041C00100000000804101C1064108446
:1038000013041C04101800000000000000007FFEDC
:103810004002400240020000000030000C00038023
:103820000060001C00030000000040024002400253
:103830007FFE0000000000000000000020004000AB
:1038400040004000200000000001000100010001D4
:1038500000010001000100010000400040002000C4
:103860000000000000000000000000980124014456
:103870000144014400FC000410001FFC0088010406
:10388000010400880070000000000070008801043E
:103890000104010400880000000000700088010499
:1038A000010411081FFC0004000000F80144014459
:1038B0000144014400C800000000010401040FFCA1
:1038C0001104110411001800000000D6012901297B
:1038D000012901C90106000010041FFC0084010039
:1038E0000100010400FC000400000104190419FC9B
:1038F00000040004000000000000000300010101BA
:10390000190119FE0000000010041FFC00240040F3
:1039100001B4010C010400000000100410041FFC9D
:103920000004000400000000010401FC0104010087
:1039300001FC0104010000FC010401FC0084010001
:103940000100010400FC0004000000F8010401046F
:103950000104010400F80000010101FF00850104D9
:10396000010400880070000000000070008801045D
:103970000104010501FF00010104010401FC0084B0
:103980000104010001800000000000CC012401249A
:10399000012401240198000000000100010007F843
:1039A0000104010400000000010001F8000400040B
:1039B0000004010801FC0004010001800170000CFA
:1039C000001001600180010001F0010C003001C015
:1039D0000030010C01F0010000000104018C0074B2
:1039E0000170018C01040000010101810171000ED0
:1039F000001801600180010000000184010C013405
:103A000001440184010C00000000000000000000DF
:103A100001003EFC400240020000000000000000E7
:103A2000FFFF0000000000000000400240023EFCDA
:103A30000100000000000000000060008000800025
:103A40004000400020002000404281FE0000012193
:103A5000D2140814E2010000080808FF0904191133
:103A60001197711111151900000000000000FF00EE
:103A700000000080600000004040404040407F4027
:103A800040424140404040000106F840404040FE76
:103A900040404241FE00000000007F444444447F17
:103AA000444444447F000000000106F88080808088
:103AB00080808080C00000000000001F1010907007
:103AC000101010101F000000404281FE0000012174
:103AD000D2140814E2010000080808FF09041911B3
:103AE00011977111111519008080FE848A6418E401
:103AF00022A2A2FAA2A22200020CF7242401273952
:103B0000082A2AFF2A3E08004080FE0808FC010619
:103B1000F89090FC9291FE002021273A222304087D
:103B200017E424272C340700000000FC09120418B5
:103B3000E000E0180402010002024233000000002D
:103B400000FF0000000000000001020CF000000077
:103B50000000FF0000000000014141417F41414160
:103B600041417F41414101000244A81068840000A6
:103B70007F424242427F000008080FF8080F00020F
:103B8000071AE2020A060300000000FF2222222296
:103B9000222222FF000000000000001F113151917D
:103BA0001111111F0000000020C000FF0082221A26
:103BB0008272061AE202020008080BFF090A040AD0
:103BC00032C2320A040202000102040830C00000BE
:103BD000FC020202020E00000002424242437E4208
:103BE00043424242020200004241FE8222A4A8B0A7
:103BF000A07FB0A8A4A222000808FF080907F49437
:103C000097909794F4070000800000FF00000000E8
:103C1000FF101010101000000001061FE0020CF051
:103C20001F11111111101000106080FF80608101C0
:103C30000202E40830C000002424257FC4440003AD
:103C40001C00FF0010080600020418E0007F42423A
:103C5000424242427F0000000000003F242424240E
:103C6000444444C444040400000204F80402FA1268
:103C700022028242A21A0200020242330000FF9294
:103C800092939292FE010000003E0202020202FEA6
:103C900002020202023F000000003E02020202FF96
:103CA000020202023F000000020202FE020202FEC5
:103CB0000202020202020200004040434040407FF4
:103CC0004141414141400000408000FF0282828228
:103CD00082FE828282820200101011131C30D010EA
:103CE0001017101010101000000000FF22222222D6
:103CF000222222FF000000000000001F113151911C
:103D00001111111F0000000020C000FF0082221AC4
:103D10008272061AE202020008080BFF090A040A6E
:103D200032C2320A0402020000001A1C0000000025
:103D30000000000000000000000000000000000083
:103D40000000000000000000106080FF8060810122
:103D50000202E40830C000002424257FC44400038C
:103D60001C00FF0010080600020418E0007F424219
:103D7000424242427F0000000000003F24242424ED
:103D8000444444C444040400008181828CF0808057
:103D900080FE8181818F0000083020242424A464C7
:103DA00024242424202830000106F8000804F80107
:103DB0000284681864821F0000001F111111111085
:103DC00010FF109050131000101810FF202000FF5B
:103DD0004242FE4242FF0000131DF1171111000F75
:103DE0000808FF08080F00000106F890909090FE68
:103DF00090909291FE00000004081724E4242427E8
:103E0000242C340407000000000204F804122242AB
:103E100082FA8242221202000202423300202F293B
:103E200029FF29292F200000020CF1012132AAA428
:103E3000A4A4AA320101010000003F2424243FA4CD
:103E400064243F2424242000000000FF2222222298
:103E5000222222FF000000000000001F11315191BA
:103E60001111111F0000000020C000FF0082221A63
:103E70008272061AE202020008080BFF090A040A0D
:103E800032C2320A04020200008181828CF08080FA
:103E900080FE8181818F0000083020242424A464C6
:103EA00024242424202830000106F8000804F80106
:103EB0000284681864821F0000001F111111111084
:103EC00010FF1090501310008080FE848800FF9235
:103ED00092929292FF000000020CF724261212FE2A
:103EE000121212FE121202000000FE0429212224E6
:103EF00028F02824222121000242330000017949C0
:103F00004949494979010000800000FF0000000094
:103F100000C0300804021F000001061FE004040472
:103F2000FE050888680808004080FE0808FC0010AC
:103F3000101010121102FC002021273A2223004009
:103F40004F4141417F0101000000F810101010FEA8
:103F500011111111F9010F0000001F11111111FFB2
:103F6000111111111F0000000106F80202020202E5
:103F7000FE0202221A02020000007F40414141413C
:103F80005F41414141414000000204F804020282C5
:103F900002120AF20202020002024233001012115F
:103FA000101010FF10101000800000FF0000FF0232
:103FB000040082710C021F000001061FE0003F2177
:103FC00021217F41C14101000000FF000181A29435
:103FD00088F482828181010001061FE020272424C9
:103FE00024FF24242427200000FF48484A49FE00DB
:103FF000007E1111214107001033529212523318E2
:1040000000FE1111214107000001020CF000000028
:104010000000FF0000000000014141417F4141419B
:1040200041417F4141410100818182828488B0C049
:10403000B088848282818100000008886808080FA7
:10404000080828C808000000818182828488B0C0E6
:10405000B088848282818100000008886808080F87
:10406000080828C80800000000FF0010204088044D
:10407000F800000201FE0000001F80440444444593
:104080005F444444407F00001018122122FC00FECF
:104090000A126282621A0200405F41417F01007F82
:1040A0004048464146584000083CC808281D020CBC
:1040B0007080020102FC0000022223222222020858
:1040C00008FF0808080F000044E644484848020278
:1040D00004C8302844821F00040C35C604180109A6
:1040E00009FF099252120200020CF1010202C428D7
:1040F000102844820201010000003F2424272424C8
:10410000444444C546000000202241FE8041415203
:104110006AC4444A72414000080808FF080A222A7B
:10412000A66322262A2202001018122122FC00FE79
:104130000A126282621A0200405F41417F01007FE1
:104140004048464146584000083CC808281D020C1B
:104150007080020102FC00000222232222220208B7
:1041600008FF0808080F0000202241FE800001F12E
:10417000020CF00804F30000080808FF0809000317
:104180007A4A4A4A7A030000101810E020281020CA
:104190004080FF0000C03000040404FF040420201D
:1041A000202127382120200044E644484A1CE0FF13
:1041B00090FE90FC91FF0000040C35C60C003F24DB
:1041C000A4642424243C00004080FE0808FC001065
:1041D000101010121102FC002021273A2223004067
:1041E0004F4141417F01010010102F2949498F00A3
:1041F000804F4929291F1000010179494949790750
:1042000001794D4B49790100202241FE800001F1E6
:10421000020CF00804F30000080808FF0809000376
:104220007A4A4A4A7A030000101810E02028102029
:104230004080FF0000C03000040404FF040420207C
:1042400020212738212020000000F810101010FE37
:1042500011111111F9010F0000001F11111111FFAF
:10426000111111111F00000020207E820CF004C8E3
:104270009281FE8090C8040008064031007F404FC4
:104280004A5A6A4A4A4F400008102040800000FF06
:104290000000008040300000004040404041424F5C
:1042A0007042414040400000106080FF00C1062085
:1042B00026312D2123E806002424257FC54410291A
:1042C00049C94959690F000001020478040202FE3D
:1042D0002222222222020200083022222222A2636B
:1042E000222222222228300020207E80027E42428A
:1042F0007E427E42427E02000806403100007F4935
:10430000494949497F000000020CF1012132AAA469
:10431000A4A4AA320101010000003F2424243FA4E8
:1043200064243F2424242000000204F804020282B2
:1043300002120AF2020202000202423300101211BB
:10434000101010FF10101000007F40405E525252BB
:1043500052525E40417F0000202020202F29A96971
:1043600029292F20202020000000F810101010FE16
:1043700011111111F9010F0000001F11111111FF8E
:10438000111111111F00000020C000FF00C106F82C
:10439000000000FC02021E0008080BFF0908007F55
:1043A0004040407F0000000044E644484848020284
:1043B00004C8302844821F00040C35C604180109C3
:1043C00009FF099252120200202241FE804141520F
:1043D0006AC4444A72414000080808FF080A222AB9
:1043E000A66322262A2202008080FE848800FF9293
:1043F00092929292FF000000020CF724261212FE05
:10440000121212FE121202001020C000000201FE61
:10441000000000000080700000000007000000FFA6
:10442000000000040201000010109090909090FF96
:104430009090909090101000001011121418F01726
:104440001010101010100000020202FE020202FE04
:104450000202020202020200004040434040407F4C
:10446000414141414140000000007C40404040FF4C
:10447000404048447800000004181057351515F5E1
:104480001515355710141800000C0240800000006C
:10449000000C024040000000000C02402000000020
:1044A000000C024010000000000C024080000000E0
:1044B000000C02401000000000100240020000004A
:1044C0000010024001000000000000000000000099
:1044D00000000000000000000000000000000000DC
:1044E00000000000000000000000000000000000CC
:1044F00000000000000000000000000000000000BC
:1045000000000000000000000000000000000000AB
:10451000000000000000000000000000000000009B
:10452000000000000000000000000000000000008B
:10453000000000000000000000000000000000007B
:10454000000000000000000000000000000000006B
:104550000000000000000000000000C0606060601B
:10456000606060606060606060606060606060604B
:10457000606060606060E08080808080808080809B
:1045800000000000000000000000E060606060606B
:10459000606060606060F8080C0C0CFF0000C0C038
:1045A00080808080C0E0B0988888889C9C9C8080B7
:1045B000C0C080800000FF01013D25253D01FFFFB7
:1045C00000000000000000000000030303030303D9
:1045D0000303030303030708080808FF00000101A1
:1045E0000000000103060C0C0C0C0C0C0000000277
:1045F000010100000000FF40405E52525E407F7F9C
:1046000000000000000000000000000000000000AA
:10461000000000000000000000000001030303038D
:10462000030303030303030303030303030303035A
:104630000303030303030300000000000000000065
:10464000000000000000000000000000000000006A
:10465000000000000000000000000000000000005A
:10466000000000000000000000000000000000004A
:10467000000000000000000000000000000000003A
:10468000000000000000000000000000000000002A
:10469000000000000000000000000000000000001A
:1046A000000000000000000000000000000000000A
:1046B00000000000000000000000000000000000FA
:1046C0000000000000000000000000000000F03FBB
:1046D000000000000000F83F0000000000000000A3
:1046E0000000004003B8E23F0000000000000000AE
:1046F00006D0CF43EBFD4C3E033333333333E33F3C
:10470000FFAB6FDBB66DDB3F4D268F515555D53F67
:1047100001411DA96074D13F65DBC9934A86CD3F35
:10472000EF4E454A287ECA3F3E5555555555C53F23
:1047300093BDBE166CC166BF2CDE25AF6A56113F15
:10474000F16BD2C541BDBBBED0A4BE726937663E17
:104750004C5555555555A53F7751C1166CC156BF9F
:104760009015CB19A001FA3EAD529C804F7E92BEAF
:10477000C4B1B4BD9EEE213ED43888BEE9FAA8BDCE
:10478000000000000000000000004054FB21F93F41
:104790003163621A61B4D03D0000601A61B4D03D4B
:1047A0007370032E8A19A33B0000002E8A19A33BC5
:1047B000C14920259A837B390000000000000000D9
:1047C0006E83F9A22915444ED15727FCC0DD34F57C
:1047D000999562DB4190433CAB6351FE61C5BBDE02
:1047E0003A6E24B7E0D24D42EA2E49061C92D10916
:1047F0001CEB1DFE3EA729B1F53582E88444BB2E93
:1048000026709CE9417E5FB439D69139F4395383DF
:104810008B5F849C3B28F9BDFF97F81F0F9805DE3E
:104820008B112FEF1F6D0A5ACF7E366DB709CB273C
:10483000663F464F2DEA5F9EC7BA27757BF1E5EBD1
:10484000F739073DEA92528AB15FFB6B085D8D1F15
:10485000000000006E83F9A22915444ED15727FCB1
:10486000C0DD34F5999562DB4190433CAB6351FE6A
:10487000A6F810111111813FD561C119A0012ABFFD
:104880007DFEB157E31DC73EEB9C2B8AE6E55ABE81
:104890007CD5CF5A3AD9E53D0D0AD0A1B3B5BDF8C4
:1048A000C8EBC9EEB6C8D7D4BCECC4A3CABD2CB5FE
:1048B000E7BBFAB5C4D7AAB6AFCBB3D0F2CEAA4104
:1048C000A1A242A1A243A1A2442EC7EBB9DBB2EC44
:1048D000D7AAB6AFC7E9BFF6D3EBB1A8B4EDC8D538
:1048E000D6BE2E0D0A000000CAC73A20312EBCECFD
:1048F000B2E9B1E0C2EBC6F7BDD3BFDA41A1A24233
:10490000CAC7B7F1B4E6D4DAB5F7BBBB0D0AB7F145
:104910003A20312EBCECB2E9C7FDB6AFC6F7B5C43C
:1049200041A1A242BDD3BFDACAC7B7F1B4E6D4DA17
:10493000B5F7BBBB0D0A0000CAC73A20312EBCEC4C
:10494000B2E9B1E0C2EBC6F7BDD3BFDA41A1A243E1
:10495000CAC7B7F1B4E6D4DAB5F7BBBB0D0AB7F1F5
:104960003A20312EBCECB2E9C7FDB6AFC6F7B5C4EC
:1049700041A1A243BDD3BFDACAC7B7F1B4E6D4DAC6
:10498000B5F7BBBB20322EBCECB2E9B0E5D7D3D330
:10499000D2CFC2BDC7B5C4C1BDB8F6C5A3BDC7D7C8
:1049A000F9CAC7B7F1B4E6D4DAB5F7BBBB0D0A0054
:1049B000CAC73A20312EBCECB2E9B1E0C2EBC6F76F
:1049C000BDD3BFDA42A1A243CAC7B7F1B4E6D4DA75
:1049D000B5F7BBBB0D0AB7F13A20312EBCECB2E9FA
:1049E000C7FDB6AFC6F7B5C442A1A243BDD3BFDA77
:1049F000CAC7B7F1B4E6D4DAB5F7BBBB20322EBCD8
:104A0000ECB2E9B0E5D7D3D3D2CFC2BDC7B5C4C1EC
:104A1000BDB8F6C5A3BDC7D7F9CAC7B7F1B4E6D4C8
:104A2000DAB5F7BBBB0D0A00CAC73A20312EBCEC81
:104A3000B2E9B1E0C2EBC6F7BDD3BFDA41A1A244EF
:104A4000CAC7B7F1B4E6D4DAB5F7BBBB0D0AB7F104
:104A50003A20312EBCECB2E9C7FDB6AFC6F7B5C4FB
:104A600041A1A244BDD3BFDACAC7B7F1B4E6D4DAD4
:104A7000B5F7BBBB20322EBCECB2E9B0E5D7D3D33F
:104A8000D2CFC2BDC7B5C4C1BDB8F6C5A3BDC7D7D7
:104A9000F9CAC7B7F1B4E6D4DAB5F7BBBB0D0A0063
:104AA000CAC73A20312EBCECB2E9B1E0C2EBC6F77E
:104AB000BDD3BFDA42A1A244CAC7B7F1B4E6D4DA83
:104AC000B5F7BBBB0D0AB7F13A20312EBCECB2E909
:104AD000C7FDB6AFC6F7B5C442A1A244BDD3BFDA85
:104AE000CAC7B7F1B4E6D4DAB5F7BBBB20322EBCE7
:104AF000ECB2E9B0E5D7D3D3D2CFC2BDC7B5C4C1FC
:104B0000BDB8F6C5A3BDC7D7F9CAC7B7F1B4E6D4D7
:104B1000DAB5F7BBBB0D0A00CAC73A20312EBCEC90
:104B2000B2E9B1E0C2EBC6F7BDD3BFDA41CAC7B73D
:104B3000F1B4E6D4DACBC9B6AFBBF2CEB4BDD30D77
:104B40000AB7F13A20312EBCECB2E9B5E7BBFA4125
:104B5000B5C4B5E7D4B4CFDFCAC7B7F1B4E6D4DA89
:104B6000CBC9B6AFBBF2CEB4BDD320322EBCECB2B3
:104B7000E9B0E5D7D3D3D2CFC2BDC7D7F3B1DFB544
:104B8000C4C5A3BDC7D7F9CAC7B7F1CBC9B6AFBBB8
:104B9000F2CEB4BDD30D0A00CAC73A20312EBCEC08
:104BA000B2E9B1E0C2EBC6F7BDD3BFDA42CAC7B7BC
:104BB000F1B4E6D4DACBC9B6AFBBF2CEB4BDD30DF7
:104BC0000AB7F13A20312EBCECB2E9B5E7BBFA42A4
:104BD000B5C4B5E7D4B4CFDFCAC7B7F1B4E6D4DA09
:104BE000CBC9B6AFBBF2CEB4BDD320322EBCECB233
:104BF000E9B0E5D7D3D3D2CFC2BDC7D7F3B1DFB5C4
:104C0000C4C5A3BDC7D7F9CAC7B7F1CBC9B6AFBB37
:104C1000F2CEB4BDD30D0A00C7EBBCECB2E9A3BA27
:104C20000D0A312EB3B5D0CDD1A1D4F1CAC7B7F199
:104C3000D5FDC8B70D0A322EB5E7BBFA41B5C4D5CC
:104C4000FDB8BABCABCAC7B7F1B4E6D4DACFDFD08F
:104C5000F2B4EDCEF30D0A332EB5E7BBFA41B5C47D
:104C6000B1E0C2EBC6F74142CFE0CFDFD0F2CAC716
:104C7000B7F1B4EDCEF30D0A00000000C7EBBCECB9
:104C8000B2E9A3BA0D0A312EB3B5D0CDD1A1D4F17A
:104C9000CAC7B7F1D5FDC8B70D0A322EB5E7BBFAC2
:104CA00042B5C4D5FDB8BABCABCAC7B7F1B4E6D4F7
:104CB000DACFDFD0F2B4EDCEF30D0A332EB5E7BB79
:104CC000FA42B5C4B1E0C2EBC6F74142CFE0CFDF54
:104CD000D0F2CAC7B7F1B4EDCEF30D0A0000000060
:104CE0002B434F4E4E454354494E473C3C30303A9F
:104CF00030303A30303A30303A30303A30300D0AD5
:104D0000000000002B434F4E4E45435445440D0ACE
:104D1000000000002B5041495241424C450D0A0011
:104D20002B444953433A535543434553530D0A00CB
:104D30002B52454144590D0A0000000048494400E7
:104D4000604D010800000020CC020000140B000898
:104D5000104E0108CC0200206CA10000A0E5000864
:104D6000412D01020304040554060708091AAA018B
:104D70000125847A030A091E90022301052888442C
:104D800001081A7F01F961FB01421C135D1C4954A3
:104D900012731CFFFF80013179093113096A14086D
:104DA0006D7114081D701408AD6F1B089D081A4D15
:104DB000041A0D141A391031022D6459E9091C35F1
:104DC0000B14A04004012E180AE04C0108044D0108
:104DD0000820041A30041A140401281A3C2C320347
:104DE000138D9D1B083D0413159B1408999F3C08C7
:104DF000A7A0F439200A19FF20C11A7F01411335F9
:104E0000C41B08590411CA0118410B101DBE3800FB
:040000050800018965
:00000001FF
